"(0,0,0,0,0,0,0,0,0)",0,1,2,3,4,5,6,7,8
"(0,0,0,1,0,0,0,0,0)",0.0,0.0,0.0,0.0,0.0,0.0,7.289999999997243,0.0,0.0
"(0,2,0,1,0,0,0,0,0)",0.0,0.0,0.0,0.0,0.0,0.0,0.0,0.0,0.0
"(0,2,0,1,1,0,0,0,0)",0.0,0.0,0.0,0.0,0.0,0.0,0.0,0.0,0.0
"(0,2,0,1,1,0,2,0,0)",0.0,0.0,0.0,0.0,0.0,0.0,0.0,0.0,0.0
"(1,2,0,1,1,0,2,0,0)",0.0,0.0,0.0,0.0,0.0,0.0,0.0,0.0,0.0
"(1,2,0,1,1,0,2,0,2)",0.0,0.0,0.0,0.0,0.0,0.975,0.0,0.0,0.0
"(0,2,0,1,0,1,0,0,0)",0.0,0.0,0.0,0.0,0.0,0.0,0.0,0.0,0.0
"(0,2,2,1,0,1,0,0,0)",0.0,0.0,0.0,0.0,0.0,0.0,0.0,0.0,0.0
"(1,2,2,1,0,1,0,0,0)",0.0,0.0,0.0,0.0,0.0,0.0,0.0,0.0,0.0
"(1,2,2,1,0,1,0,2,0)",0.0,0.0,0.0,0.0,0.0,0.0,0.5,0.0,0.0
"(1,0,0,0,0,0,0,0,0)",0.0,0.0,0.0,0.0,0.0,0.0,0.0,0.0,0.0
"(1,0,0,0,0,2,0,0,0)",0.0,0.0,0.0,0.0,0.0,0.0,0.0,0.0,0.0
"(1,0,0,0,0,2,0,0,1)",0.0,0.0,0.0,0.0,0.0,0.0,0.0,0.0,0.0
"(1,0,0,0,0,2,2,0,1)",0.0,0.0,0.0,0.0,0.0,0.0,0.0,0.0,0.0
"(1,0,0,0,0,2,2,1,1)",0.0,0.0,0.0,0.0,0.0,0.0,0.0,0.0,0.0
"(1,0,0,0,2,2,2,1,1)",0.0,0.0,0.0,0.0,0.0,0.0,0.0,0.0,0.0
"(1,0,1,0,2,2,2,1,1)",0.0,0.0,0.0,0.5,0.0,0.0,0.0,0.0,0.0
"(0,0,0,0,0,0,1,0,0)",0.0,0.0,0.0,0.0,0.0,0.0,0.0,0.14024707031250003,0.0
"(2,0,0,0,0,0,1,0,0)",0.0,0.0,0.0,0.0,0.0,0.0,0.0,0.0,0.0
"(2,0,0,0,0,1,1,0,0)",0.0,0.0,0.0,0.0,0.0,0.0,0.0,0.0,0.0
"(2,0,0,0,0,1,1,0,2)",0.0,0.0,0.0,0.0,0.0,0.0,0.0,0.0,0.0
"(2,0,1,0,0,1,1,0,2)",0.0,0.0,0.0,0.0,0.5,0.0,0.0,0.0,0.0
"(0,0,1,0,0,0,0,0,0)",0.0,0.0,0.0,0.0,0.0,0.0,0.0,0.0,0.0
"(0,2,1,0,0,0,0,0,0)",0.0,0.0,0.0,0.0,0.0,0.0,0.0,0.0,0.0
"(0,2,1,0,1,0,0,0,0)",0.0,0.0,0.0,0.0,0.0,0.0,0.0,0.0,0.0
"(0,2,1,0,1,0,0,2,0)",0.0,0.0,0.0,0.0,0.0,0.0,0.0,0.0,0.0
"(0,2,1,0,1,1,0,2,0)",0.0,0.0,0.0,0.0,0.0,0.0,0.0,0.0,0.0
"(0,2,1,0,1,1,2,2,0)",0.0,0.0,0.0,0.5,0.0,0.0,0.0,0.0,0.0
"(0,2,0,1,1,2,0,0,0)",0.0,0.0,0.0,0.0,0.0,0.0,0.0,0.0,0.0
"(0,2,0,1,1,2,0,1,0)",0.0,0.0,0.0,0.0,0.0,0.0,0.0,0.0,0.0
"(0,2,0,1,1,2,0,1,2)",0.0,0.0,0.0,0.0,0.0,0.0,0.0,0.0,0.0
"(0,2,1,1,1,2,0,1,2)",0.0,0.0,0.0,0.0,0.0,0.0,0.0,0.0,0.0
"(0,2,1,1,1,2,2,1,2)",0.0,0.0,0.0,0.0,0.0,0.0,0.0,0.0,0.0
"(0,0,0,0,0,0,2,0,0)",0.0,0.0,0.0,0.0,0.0,0.0,0.0,0.0,0.0
"(0,0,0,0,0,0,2,1,0)",0.0,0.0,0.0,0.0,0.0,0.0,0.0,0.0,0.0
"(0,0,0,0,0,2,2,1,0)",0.0,0.0,0.0,0.0,0.0,0.0,0.0,0.0,0.0
"(0,0,0,0,0,2,2,1,1)",0.0,0.0,0.0,0.0,0.0,0.0,0.0,0.0,0.0
"(0,0,0,2,0,2,2,1,1)",0.0,0.0,0.0,0.0,0.0,0.0,0.0,0.0,0.0
"(0,0,0,2,1,2,2,1,1)",0.0,0.0,0.0,0.0,0.0,0.0,0.0,0.0,0.0
"(0,2,0,2,1,2,2,1,1)",0.0,0.0,0.0,0.0,0.0,0.0,0.0,0.0,0.0
"(0,2,1,2,1,2,2,1,1)",0.5,0.0,0.0,0.0,0.0,0.0,0.0,0.0,0.0
"(1,2,0,0,0,0,0,0,0)",0.0,0.0,0.0,0.0,0.0,0.0,0.0,0.0,0.0
"(1,2,1,0,0,0,0,0,0)",0.0,0.0,0.0,0.0,0.0,0.0,0.0,0.0,0.0
"(1,2,1,2,0,0,0,0,0)",0.0,0.0,0.0,0.0,0.0,0.0,0.0,0.0,0.0
"(1,2,1,2,0,0,0,1,0)",0.0,0.0,0.0,0.0,0.0,0.0,0.0,0.0,0.0
"(1,2,1,2,2,0,0,1,0)",0.0,0.0,0.0,0.0,0.0,0.0,0.0,0.0,0.0
"(1,2,1,2,2,0,1,1,0)",0.0,0.0,0.0,0.0,0.0,0.975,0.0,0.0,0.0
"(2,0,1,0,0,0,0,0,0)",0.0,0.0,0.0,0.0,0.0,0.0,0.0,0.0,0.0
"(2,1,1,0,0,0,0,0,0)",0.0,0.0,0.0,0.0,0.0,0.0,0.0,0.0,0.0
"(2,1,1,0,2,0,0,0,0)",0.0,0.0,0.0,0.0,0.0,0.0,0.0,0.0,0.0
"(2,1,1,1,2,0,0,0,0)",0.0,0.0,0.0,0.0,0.0,0.0,0.0,0.0,0.5
"(2,0,0,0,0,0,1,1,0)",0.0,0.0,0.0,0.0,0.0,0.0,0.0,0.0,0.0
"(2,0,0,2,0,0,1,1,0)",0.0,0.0,0.0,0.0,0.0,0.0,0.0,0.0,0.0
"(2,0,0,2,0,1,1,1,0)",0.0,0.0,0.0,0.0,0.0,0.0,0.0,0.0,0.0
"(2,0,2,2,0,1,1,1,0)",0.0,0.0,0.0,0.0,0.0,0.0,0.0,0.0,0.0
"(2,1,2,2,0,1,1,1,0)",0.0,0.0,0.0,0.0,0.0,0.0,0.0,0.0,0.0
"(2,1,2,2,0,1,1,1,2)",0.0,0.0,0.0,0.0,0.5,0.0,0.0,0.0,0.0
"(0,0,0,0,0,1,0,0,0)",0.0,0.0,0.0,0.0,0.0,0.0,0.0,0.0,0.0
"(0,0,0,0,2,1,0,0,0)",0.0,0.0,0.0,0.0,0.0,0.0,0.0,0.0,0.0
"(0,1,0,0,2,1,0,0,0)",0.0,0.0,0.0,0.0,0.0,0.0,0.0,0.0,0.0
"(0,1,0,2,2,1,0,0,0)",0.0,0.0,0.0,0.0,0.0,0.0,0.0,0.0,0.0
"(0,1,0,2,2,1,0,0,1)",0.0,0.0,0.0,0.0,0.0,0.0,0.0,0.0,0.0
"(0,1,0,2,2,1,2,0,1)",0.0,0.0,0.5,0.0,0.0,0.0,0.0,0.0,0.0
"(0,0,0,0,1,0,0,0,0)",0.0,0.0,0.0,0.0,0.0,0.0,0.0,0.0,0.0
"(0,0,0,0,1,2,0,0,0)",0.0,0.0,0.0,0.0,0.0,0.0,0.0,0.0,0.0
"(0,0,0,0,1,2,1,0,0)",0.0,0.0,0.0,0.0,0.0,0.0,0.0,0.0,0.0
"(0,2,0,0,1,2,1,0,0)",0.0,0.0,0.5,0.0,0.0,0.0,0.0,0.0,0.0
"(2,0,0,0,0,1,0,0,0)",0.0,0.0,0.0,0.0,0.0,0.0,0.0,0.0,0.0
"(2,0,0,0,0,1,0,0,1)",0.0,0.0,0.0,0.0,0.0,0.0,0.0,0.0,0.0
"(2,0,0,0,0,1,0,2,1)",0.0,0.0,0.5,0.0,0.0,0.0,0.0,0.0,0.0
"(2,0,0,0,0,1,1,2,1)",0.0,0.0,0.0,0.0,0.0,0.0,0.0,0.0,0.0
"(2,0,0,2,0,1,1,2,1)",0.0,0.0,0.5,0.0,0.0,0.0,0.0,0.0,0.0
"(0,0,0,1,0,0,2,0,0)",0.045562500000000006,2.105592695117618,0.0,0.0,8.09999999999717,0.61155,0.0,0.0,0.0
"(0,0,0,1,1,0,2,0,0)",3.3238446084815294,0.0,0.045562500000000006,0.0,0.0,0.0,0.0,1.6468376529946291,8.999999999997131
"(0,0,0,1,1,0,2,0,2)",4.57841890274616,5.3091524608926886,5.226465881995557,0.0,0.0,9.999999999997131,0.0,3.058062529618487,0.0
"(0,0,1,0,2,0,0,0,0)",0.0,0.0,0.0,0.0,0.0,0.0,0.0,0.0,0.0
"(0,0,1,0,2,1,0,0,0)",0.0,0.0,0.0,0.0,0.0,0.0,0.0,0.0,0.0
"(0,0,1,0,2,1,0,0,2)",0.0,0.0,0.0,0.0,0.0,0.0,0.0,0.0,0.0
"(0,1,1,0,2,1,0,0,2)",0.0,0.0,0.0,0.0,0.0,0.0,0.0,0.0,0.0
"(0,1,1,0,2,1,0,2,2)",0.0,0.0,0.0,0.0,0.0,0.0,0.0,0.0,0.0
"(0,1,1,0,2,1,1,2,2)",0.0,0.0,0.0,0.0,0.0,0.0,0.0,0.0,0.0
"(0,1,1,2,2,1,1,2,2)",0.5,0.0,0.0,0.0,0.0,0.0,0.0,0.0,0.0
"(1,0,0,0,2,0,0,0,0)",0.0,0.0,0.0,0.0,0.0,0.0,0.0,0.0,0.0
"(1,0,0,0,2,0,0,0,1)",0.0,0.0,0.0,0.0,0.0,0.0,0.0,0.0,0.0
"(1,0,0,0,2,2,0,0,1)",0.0,0.0,0.0,0.0,0.0,0.0,0.0,0.0,0.0
"(1,1,0,0,2,2,0,0,1)",0.0,0.0,0.0,0.0,0.0,0.0,0.0,0.0,0.0
"(1,1,0,0,2,2,2,0,1)",0.0,0.0,0.5,0.0,0.0,0.0,0.0,0.0,0.0
"(1,1,0,1,2,2,2,0,1)",0.0,0.0,0.0,0.0,0.0,0.0,0.0,0.43875,0.0
"(1,1,0,1,2,2,2,2,1)",0.0,0.0,1.42625,0.0,0.0,0.0,0.0,0.0,0.0
"(0,0,0,2,0,1,0,0,0)",0.0,0.0,0.0,0.0,0.0,0.0,0.0,0.0,0.0
"(0,0,0,2,0,1,0,0,1)",0.0,0.0,0.0,0.0,0.0,0.0,0.0,0.0,0.0
"(0,0,0,2,2,1,0,0,1)",0.0,0.0,0.0,0.0,0.0,0.0,0.0,0.0,0.0
"(0,0,0,2,2,1,0,1,1)",0.0,0.0,0.0,0.0,0.0,0.0,0.0,0.0,0.0
"(0,2,0,2,2,1,0,1,1)",0.0,0.0,0.5,0.0,0.0,0.0,0.0,0.0,0.0
"(0,0,0,0,1,0,2,0,0)",0.0,0.0,0.0,0.0,0.0,0.0,0.0,0.0,0.0
"(0,0,0,1,0,2,0,0,0)",0.0,0.0,0.0,0.0,0.0,0.0,0.0,0.0,0.0
"(1,0,0,1,0,2,0,0,0)",0.0,0.0,0.0,0.0,0.0,0.0,0.0,0.0,0.0
"(1,0,0,1,0,2,0,2,0)",0.0,0.0,0.0,0.0,0.0,0.0,0.0,0.0,0.0
"(1,1,0,1,0,2,0,2,0)",0.0,0.0,0.0,0.0,0.0,0.0,0.0,0.0,0.0
"(1,1,0,1,0,2,0,2,2)",0.0,0.0,0.0,0.0,0.0,0.0,0.0,0.0,0.0
"(1,1,0,1,1,2,0,2,2)",0.0,0.0,0.5,0.0,0.0,0.0,0.0,0.0,0.0
"(0,0,0,1,0,0,0,0,2)",0.0,0.0,0.0,0.0,0.0,0.0,0.0,0.0,0.0
"(1,0,0,1,0,0,0,0,2)",0.0,0.0,0.225,0.0,0.0,0.0,0.0,0.0,0.0
"(1,0,2,1,0,0,0,0,2)",0.0,0.0,0.0,0.0,0.0,0.0,0.975,0.0,0.0
"(1,0,2,1,0,0,0,1,2)",0.0,0.0,0.0,0.0,0.0,0.0,0.0,0.0,0.0
"(1,2,2,1,0,0,0,1,2)",0.0,0.0,0.0,0.0,0.0,0.0,0.0,0.0,0.0
"(1,2,2,1,1,0,0,1,2)",0.0,0.0,0.0,0.0,0.0,0.0,0.0,0.0,0.0
"(1,2,2,1,1,0,2,1,2)",0.0,0.0,0.0,0.0,0.0,1.8549375,0.0,0.0,0.0
"(0,0,0,0,2,0,1,0,0)",0.0,0.0,0.0,0.0,0.0,0.0,0.0,0.0,0.0
"(0,0,1,0,2,0,1,0,0)",0.0,0.0,0.0,0.0,0.0,0.0,0.0,0.0,0.0
"(0,0,1,0,2,0,1,2,0)",0.0,0.0,0.0,0.0,0.0,0.0,0.0,0.0,0.0
"(1,0,1,0,2,0,1,2,0)",0.0,0.5,0.0,0.0,0.0,0.0,0.0,0.0,0.0
"(1,0,0,0,0,0,0,0,2)",0.0,0.0,0.0,0.0,0.0,0.0,0.0,0.0,0.0
"(1,1,0,0,0,0,0,0,2)",0.0,0.0,0.0,0.0,0.0,0.0,0.0,0.0,0.0
"(1,1,2,0,0,0,0,0,2)",0.0,0.0,0.0,0.0,0.0,0.0,0.0,0.0,0.0
"(1,1,2,0,0,1,0,0,2)",0.0,0.0,0.0,0.0,0.0,0.0,0.0,0.0,0.0
"(1,1,2,0,0,1,2,0,2)",0.0,0.0,0.0,0.0,0.0,0.0,0.0,0.0,0.0
"(1,1,2,1,0,1,2,0,2)",0.0,0.0,0.0,0.0,0.0,0.0,0.0,1.42625,0.0
"(0,0,0,0,0,1,0,0,2)",0.0,0.0,0.0,0.0,0.0,0.0,0.0,0.0,0.0
"(0,0,1,0,0,1,0,0,2)",0.0,0.0,0.0,0.0,0.0,0.0,0.0,0.0,0.0
"(0,2,1,0,0,1,0,0,2)",0.0,0.0,0.0,0.0,0.0,0.0,0.0,0.0,0.0
"(1,2,1,0,0,1,0,0,2)",0.0,0.0,0.0,0.0,0.0,0.0,0.0,0.0,0.0
"(1,2,1,0,2,1,0,0,2)",0.0,0.0,0.0,0.0,0.0,0.0,0.0,0.0,0.0
"(1,2,1,0,2,1,1,0,2)",0.0,0.0,0.0,0.0,0.0,0.0,0.0,0.5,0.0
"(0,0,0,0,0,1,2,0,0)",0.0,0.0,0.0,0.0,0.0,0.0,0.0,0.0,0.0
"(0,0,0,1,0,1,2,0,0)",0.0,0.0,0.0,0.0,0.0,0.0,0.0,0.0,1.293440625
"(2,0,0,1,0,1,2,0,0)",0.0,0.0,0.0,0.0,0.0,0.0,0.0,0.0,0.0
"(2,0,0,1,0,1,2,0,1)",0.0,0.0,0.0,0.0,0.225,0.0,0.0,0.0,0.0
"(2,0,0,1,0,1,2,2,1)",0.0,0.0,0.0,0.0,0.0,0.0,0.0,0.0,0.0
"(2,1,0,1,0,1,2,2,1)",0.0,0.0,0.0,0.0,0.0,0.0,0.0,0.0,0.0
"(2,1,2,1,0,1,2,2,1)",0.0,0.0,0.0,0.0,1.42625,0.0,0.0,0.0,0.0
"(1,0,0,0,0,0,0,2,0)",0.0,0.0,0.0,0.0,0.0,0.0,0.0,0.0,0.0
"(1,0,1,0,0,0,0,2,0)",0.0,0.0,0.0,0.0,0.0,0.0,0.0,0.0,0.0
"(1,0,1,2,0,0,0,2,0)",0.0,0.0,0.0,0.0,0.0,0.0,0.0,0.0,0.0
"(1,0,1,2,0,1,0,2,0)",0.0,0.0,0.0,0.0,0.0,0.0,0.0,0.0,0.0
"(1,0,1,2,0,1,0,2,2)",0.0,0.5,0.0,0.0,0.0,0.0,0.0,0.0,0.0
"(0,0,0,0,0,0,0,0,1)",0.0,0.0,0.0,0.0,0.0,0.0,0.0,0.0,0.0
"(0,0,0,0,2,0,0,0,1)",0.0,0.0,0.0,0.0,0.0,0.0,0.0,0.0,0.0
"(0,0,0,0,2,1,0,0,1)",0.0,0.0,0.0,0.0,0.0,0.0,0.0,0.0,0.0
"(2,0,0,0,2,1,0,0,1)",0.0,0.0,0.0,0.0,0.0,0.0,0.0,0.0,0.0
"(2,0,0,1,2,1,0,0,1)",0.0,0.0,0.0,0.0,0.0,0.0,0.0,0.0,0.0
"(2,2,0,1,2,1,0,0,1)",0.0,0.0,0.5,0.0,0.0,0.0,0.0,0.0,0.0
"(0,0,0,0,0,0,0,1,0)",0.0,0.0,0.0,0.0,0.0,0.0,0.0,0.0,0.0
"(0,0,0,0,0,0,0,1,2)",0.0,0.0,0.0,0.0,0.0,0.0,0.0,0.0,0.0
"(0,0,0,1,0,0,0,1,2)",0.0,0.0,0.0,0.0,0.0,0.0,0.0,0.0,0.0
"(0,2,0,1,0,0,0,1,2)",0.0,0.0,0.0,0.0,0.0,0.0,0.0,0.0,0.0
"(0,2,0,1,0,1,0,1,2)",0.0,0.0,0.0,0.0,0.0,0.0,0.0,0.0,0.0
"(0,2,0,1,0,1,2,1,2)",0.0,0.0,0.0,0.0,0.5,0.0,0.0,0.0,0.0
"(0,2,0,0,0,1,0,0,0)",0.0,0.0,0.0,0.0,0.0,0.0,0.0,0.0,0.0
"(0,2,1,0,0,1,0,0,0)",0.0,0.0,0.0,0.0,0.0,0.0,0.0,0.0,0.0
"(0,2,1,0,0,1,0,1,2)",0.0,0.0,0.0,0.0,0.0,0.0,0.0,0.0,0.0
"(0,2,1,0,2,1,0,1,2)",0.0,0.0,0.0,0.0,0.0,0.0,0.0,0.0,0.0
"(1,2,1,0,2,1,0,1,2)",0.0,0.0,0.0,0.0,0.0,0.0,0.0,0.0,0.0
"(1,2,1,2,2,1,0,1,2)",0.0,0.0,0.0,0.0,0.0,0.0,0.0,0.0,0.0
"(0,0,0,0,0,2,0,0,0)",0.0,0.0,0.0,0.0,0.0,0.0,0.0,0.0,0.0
"(1,0,2,0,0,2,0,0,0)",0.0,0.0,0.0,0.0,0.0,0.0,0.0,0.0,0.0
"(1,0,2,0,0,2,0,0,1)",0.0,0.0,0.0,0.0,0.0,0.0,0.0,0.0,0.0
"(1,0,2,0,0,2,2,0,1)",0.0,0.0,0.0,0.0,0.0,0.0,0.0,0.0,0.0
"(1,0,2,0,0,2,2,1,1)",0.0,0.0,0.0,0.0,0.5,0.0,0.0,0.0,0.0
"(0,0,0,0,0,1,2,0,1)",0.0,0.0,0.0,0.0,0.0,0.0,0.0,0.0,0.0
"(0,2,0,0,0,1,2,0,1)",0.0,0.0,0.0,0.0,0.0,0.0,0.0,0.0,0.0
"(0,2,0,0,1,1,2,0,1)",0.0,0.0,0.0,0.0,0.0,0.0,0.0,0.0,0.0
"(0,2,0,2,1,1,2,0,1)",0.5,0.0,0.0,0.0,0.0,0.0,0.0,0.0,0.0
"(0,2,0,2,1,1,2,1,1)",0.0,0.0,0.225,0.0,0.0,0.0,0.0,0.0,0.0
"(0,2,2,2,1,1,2,1,1)",1.42625,0.0,0.0,0.0,0.0,0.0,0.0,0.0,0.0
"(1,0,0,0,0,0,0,2,1)",0.0,0.0,0.0,0.0,0.0,0.0,0.0,0.0,0.0
"(1,0,0,0,0,0,2,2,1)",0.0,0.0,0.0,0.0,0.0,0.0,0.0,0.0,0.0
"(1,0,0,0,0,1,2,2,1)",0.0,0.0,0.0,0.0,0.0,0.0,0.0,0.0,0.0
"(1,0,0,0,2,1,2,2,1)",0.0,0.0,0.0,0.0,0.0,0.0,0.0,0.0,0.0
"(1,1,0,0,2,1,2,2,1)",0.0,0.0,0.0,0.0,0.0,0.0,0.0,0.0,0.0
"(1,1,0,2,2,1,2,2,1)",0.0,0.0,0.5,0.0,0.0,0.0,0.0,0.0,0.0
"(1,0,0,0,1,0,0,0,2)",0.0,0.0,0.0,0.0,0.0,0.0,0.0,0.0,0.0
"(1,0,0,2,1,0,0,0,2)",0.0,0.0,0.0,0.0,0.0,0.0,0.0,0.0,0.0
"(1,1,0,2,1,0,0,0,2)",0.0,0.0,0.0,0.0,0.0,0.0,0.0,0.0,0.0
"(1,1,2,2,1,0,0,0,2)",0.0,0.0,0.0,0.0,0.0,0.0,0.0,0.0,0.0
"(1,1,2,2,1,1,0,0,2)",0.0,0.0,0.0,0.0,0.0,0.0,0.0,0.0,0.0
"(1,1,2,2,1,1,0,2,2)",0.0,0.0,0.0,0.0,0.0,0.0,0.0,0.0,0.0
"(0,0,0,0,0,0,0,2,0)",0.0,0.0,0.0,0.0,0.0,0.0,0.045562500000000006,0.0,0.0
"(0,0,0,0,0,1,0,2,0)",0.0,0.0,0.0,0.0,0.0,0.0,0.0,0.0,0.0
"(0,0,0,0,2,1,0,2,0)",0.0,0.0,0.0,0.0,0.0,0.0,0.0,0.0,0.0
"(0,0,0,0,2,1,1,2,0)",0.0,0.015625,0.0,0.0,0.0,0.0,0.0,0.0,0.0
"(0,2,0,1,1,0,0,0,2)",0.0,0.0,0.0,0.0,0.0,0.0,0.0,0.0,0.0
"(1,2,0,1,1,0,0,0,2)",0.0,0.0,0.0,0.0,0.0,0.0,0.225,0.0,0.0
"(0,0,2,0,0,1,0,0,0)",0.0,0.0,0.0,0.0,0.0,0.0,0.0,0.0,0.0
"(0,0,2,1,0,1,0,0,0)",0.0,0.0,0.0,0.0,0.0,0.0,0.0,0.0,0.0
"(2,0,2,1,0,1,0,0,0)",0.0,0.0,0.0,0.0,0.0,0.0,0.0,0.0,0.0
"(2,0,2,1,0,1,1,0,0)",0.0,0.0,0.0,0.0,0.0,0.0,0.0,0.0,0.0
"(2,0,2,1,2,1,1,0,0)",0.0,0.0,0.0,0.0,0.0,0.0,0.0,0.0,0.0
"(2,0,2,1,2,1,1,0,1)",0.0,0.975,0.0,0.0,0.0,0.0,0.0,0.0,0.0
"(0,0,0,1,1,2,0,0,0)",0.0,0.0,0.0,0.0,0.0,0.0,0.0,0.0,0.0
"(0,0,2,1,1,2,0,0,0)",0.0,0.0,0.0,0.0,0.0,0.0,0.0,0.0,0.0
"(0,0,2,1,1,2,0,1,0)",0.0,0.0,0.0,0.0,0.0,0.0,0.0,0.0,0.0
"(0,2,2,1,1,2,0,1,0)",0.0,0.0,0.0,0.0,0.0,0.0,0.0,0.0,0.0
"(0,2,2,1,1,2,0,1,1)",0.0,0.0,0.0,0.0,0.0,0.0,0.0,0.0,0.0
"(0,2,2,1,1,2,2,1,1)",0.5,0.0,0.0,0.0,0.0,0.0,0.0,0.0,0.0
"(0,0,0,1,0,2,0,0,1)",0.0,0.0,0.0,0.0,0.0,0.0,0.0,0.0,0.0
"(0,0,2,1,0,2,0,0,1)",0.0,0.0,0.0,0.0,0.0,0.0,0.0,0.0,0.0
"(1,0,2,1,0,2,0,0,1)",0.0,0.0,0.0,0.0,0.0,0.0,0.0,0.0,0.0
"(1,0,2,1,0,2,2,0,1)",0.0,0.0,0.0,0.0,0.0,0.0,0.0,0.0,0.0
"(1,1,2,1,0,2,2,0,1)",0.0,0.0,0.0,0.0,0.0,0.0,0.0,0.0,0.0
"(1,1,2,1,0,2,2,2,1)",0.0,0.0,0.0,0.0,0.975,0.0,0.0,0.0,0.0
"(0,1,0,0,0,0,0,0,0)",0.0,0.0,0.0,0.0,0.0,0.0,0.0,0.0,0.0
"(0,1,0,0,0,0,0,2,0)",0.0,0.0,0.0,0.0,0.0,0.0,0.0,0.0,0.0
"(1,1,0,0,0,0,0,2,0)",0.0,0.0,0.0,0.0,0.0,0.0,0.0,0.0,0.0
"(1,1,0,0,2,0,0,2,0)",0.0,0.0,0.5,0.0,0.0,0.0,0.0,0.0,0.0
"(0,1,0,1,0,2,0,0,0)",0.0,0.0,0.0,0.0,0.0,0.0,0.0,0.0,0.0
"(0,1,0,1,0,2,2,0,0)",0.0,0.0,0.0,0.0,0.0,0.0,0.0,0.0,0.0
"(0,1,0,1,1,2,2,0,0)",0.0,0.0,0.0,0.0,0.0,0.0,0.0,0.0,0.0
"(0,1,2,1,1,2,2,0,0)",0.0,0.0,0.0,0.0,0.0,0.0,0.0,0.5,0.0
"(0,0,0,0,0,0,0,2,1)",0.0,0.0,0.0,0.0,0.0,0.0,0.0,0.0,0.0
"(0,0,0,0,0,1,0,2,1)",0.0,0.0,0.0,0.0,0.0,0.0,0.0,0.0,0.0
"(0,1,0,0,0,1,0,2,0)",0.0,0.0,0.0,0.0,0.0,0.0,0.0,0.0,0.0
"(0,1,0,2,0,1,0,2,0)",0.0,0.0,0.0,0.0,0.0,0.0,0.0,0.0,0.0
"(0,1,1,2,0,1,0,2,0)",0.0,0.0,0.0,0.0,0.0,0.0,0.0,0.0,0.0
"(0,1,1,2,0,1,2,2,0)",0.0,0.0,0.0,0.0,0.0,0.0,0.0,0.0,0.0
"(0,1,1,2,1,1,2,2,0)",0.0,0.0,0.0,0.0,0.0,0.0,0.0,0.0,0.5
"(0,2,0,0,0,0,1,0,0)",0.0,0.0,0.0,0.0,0.0,0.0,0.0,0.0,0.0
"(0,2,0,1,0,0,1,0,0)",0.0,0.0,0.0,0.0,0.0,0.0,0.0,0.0,0.0
"(2,2,0,1,0,0,1,0,0)",0.0,0.0,0.0,0.0,0.0,0.0,0.0,0.0,0.0
"(2,2,0,1,0,1,1,0,0)",0.0,0.0,0.975,0.0,0.0,0.0,0.0,0.0,0.0
"(0,0,2,0,0,0,1,0,0)",0.0,0.0,0.0,0.0,0.0,0.0,0.0,0.0,0.0
"(1,0,2,0,0,0,1,0,0)",0.0,0.0,0.0,0.0,0.0,0.0,0.0,0.0,0.0
"(1,0,2,0,0,0,1,0,2)",0.0,0.0,0.0,0.0,0.0,0.0,0.0,0.0,0.0
"(1,0,2,0,1,0,1,0,2)",0.0,0.0,0.0,0.0,0.0,0.0,0.0,0.0,0.0
"(1,0,2,2,1,0,1,0,2)",0.0,0.0,0.0,0.0,0.0,0.0,0.0,0.0,0.0
"(1,0,2,2,1,0,1,1,2)",0.0,0.0,0.0,0.0,0.0,0.0,0.0,0.0,0.0
"(1,2,2,2,1,0,1,1,2)",0.0,0.0,0.0,0.0,0.0,0.0,0.0,0.0,0.0
"(0,0,0,0,1,2,0,0,2)",0.0,0.0,0.0,0.0,0.0,0.0,0.0,0.0,0.0
"(0,0,0,0,1,2,1,0,2)",0.0,0.0,0.0,0.0,0.0,0.0,0.0,0.0,0.0
"(0,0,0,2,1,2,1,0,2)",0.0,0.0,0.0,0.0,0.0,0.0,0.0,0.0,0.0
"(0,0,0,2,1,2,1,1,2)",0.0,0.0,0.5,0.0,0.0,0.0,0.0,0.0,0.0
"(0,0,0,0,1,0,0,2,0)",0.0,0.0,0.0,0.0,0.0,0.0,0.0,0.0,0.0
"(0,1,0,0,1,0,0,2,0)",0.0,0.0,0.0,0.0,0.0,0.0,0.0,0.0,0.0
"(0,1,0,0,1,2,0,2,0)",0.0,0.0,0.0,0.0,0.0,0.0,0.0,0.0,0.0
"(0,1,0,0,1,2,1,2,0)",0.0,0.0,0.0,0.0,0.0,0.0,0.0,0.0,0.0
"(2,1,0,0,1,2,1,2,0)",0.0,0.0,0.0,0.0,0.0,0.0,0.0,0.0,0.0
"(2,1,0,0,1,2,1,2,1)",0.0,0.0,0.0,0.0,0.0,0.0,0.0,0.0,0.0
"(2,1,2,0,1,2,1,2,1)",0.0,0.0,0.0,0.0,0.0,0.0,0.0,0.0,0.0
"(0,2,0,0,0,0,0,0,0)",0.0,0.0,0.0,0.0,0.0,0.0,0.0,0.0,0.0
"(0,2,0,0,0,0,1,0,2)",0.0,0.0,0.0,0.0,0.0,0.0,0.0,0.0,0.0
"(0,2,0,0,0,0,1,1,2)",0.0,0.0,0.0,0.0,0.0,0.0,0.0,0.0,0.0
"(0,2,2,0,0,0,1,1,2)",0.0,0.0,0.0,0.0,0.0,0.0,0.0,0.0,0.0
"(0,2,2,1,0,0,1,1,2)",0.5,0.0,0.0,0.0,0.0,0.0,0.0,0.0,0.0
"(0,2,0,1,1,0,2,0,1)",0.0,0.0,0.0,0.0,0.0,0.0,0.0,0.43875,0.0
"(0,2,0,1,1,0,2,2,1)",0.93875,0.0,0.0,0.0,0.0,1.42625,0.0,0.0,0.0
"(0,0,0,0,1,1,0,2,0)",0.0,0.0,0.0,0.0,0.0,0.0,0.0,0.0,0.0
"(0,0,0,0,1,1,0,2,2)",0.0,0.0,0.0,0.0,0.0,0.0,0.0,0.0,0.0
"(0,1,0,0,1,1,0,2,2)",0.0,0.0,0.0,0.0,0.0,0.0,0.0,0.0,0.0
"(2,1,0,0,1,1,0,2,2)",0.0,0.0,0.0,0.5,0.0,0.0,0.0,0.0,0.0
"(2,0,0,0,0,0,0,1,0)",0.0,0.0,0.0,0.0,0.0,0.0,0.0,0.0,0.0
"(2,0,1,2,0,0,1,1,0)",0.0,0.0,0.0,0.0,0.0,0.0,0.0,0.0,0.0
"(2,0,1,2,2,0,1,1,0)",0.0,0.0,0.0,0.0,0.0,0.0,0.0,0.0,0.5
"(0,0,0,1,2,1,0,0,0)",0.0,0.0,0.0,0.0,0.0,0.0,0.0,0.0,0.0
"(0,0,0,1,2,1,0,2,0)",0.0,0.0,0.0,0.0,0.0,0.0,0.0,0.0,0.0
"(0,1,0,1,2,1,0,2,0)",0.0,0.0,0.0,0.0,0.0,0.0,0.0,0.0,0.0
"(2,1,0,1,2,1,0,2,0)",0.0,0.0,0.0,0.0,0.0,0.0,0.0,0.0,0.0
"(2,1,0,1,2,1,1,2,0)",0.0,0.0,0.0,0.0,0.0,0.0,0.0,0.0,1.42625
"(0,0,1,0,2,0,0,1,0)",0.0,0.0,0.0,0.0,0.0,0.0,0.0,0.0,0.0
"(0,0,1,2,2,0,0,1,0)",0.0,0.0,0.0,0.0,0.0,0.0,0.0,0.0,0.0
"(0,0,1,2,2,0,1,1,0)",0.0,0.0,0.0,0.0,0.0,0.0,0.0,0.0,0.0
"(0,2,1,2,2,0,1,1,0)",0.225,0.0,0.0,0.0,0.0,0.0,0.0,0.0,0.0
"(0,0,0,1,2,0,0,0,0)",0.0,0.0,0.0,0.0,0.0,0.0,0.0,0.0,0.0
"(0,0,0,1,2,0,0,1,0)",0.0,0.0,0.0,0.0,0.0,0.0,0.0,0.0,0.0
"(0,2,0,1,2,0,0,1,0)",0.0,0.0,0.0,0.0,0.0,0.0,0.0,0.0,0.0
"(1,2,0,1,2,0,0,1,0)",0.0,0.0,0.0,0.0,0.0,0.0,0.0,0.0,0.0
"(1,2,0,1,2,0,0,1,2)",0.0,0.0,0.0,0.0,0.0,0.0,0.5,0.0,0.0
"(0,0,1,0,2,0,0,0,1)",0.0,0.0,0.0,0.0,0.0,0.0,0.0,0.0,0.0
"(0,0,1,2,2,0,0,0,1)",0.0,0.0,0.0,0.0,0.0,0.0,0.0,0.0,0.0
"(0,0,1,2,2,0,1,0,1)",0.0,0.0,0.0,0.0,0.0,0.0,0.0,0.0,0.0
"(0,0,1,2,2,0,1,2,1)",0.0,0.0,0.0,0.0,0.0,0.0,0.0,0.0,0.0
"(0,1,1,2,2,0,1,2,1)",0.0,0.0,0.0,0.0,0.0,0.5,0.0,0.0,0.0
"(0,0,0,0,0,0,1,0,2)",0.0,0.0,0.0,0.0,0.0,0.0,0.0,0.0,0.0
"(0,0,0,0,1,0,1,0,2)",0.0,0.0,0.0,0.0,0.0,0.0,0.0,0.0,0.0
"(2,0,0,0,1,0,1,0,2)",0.0,0.0,0.0,0.0,0.0,0.0,0.0,0.0,0.0
"(2,1,0,0,1,0,1,0,2)",0.0,0.0,0.0,0.0,0.0,0.0,0.0,0.0,0.0
"(2,1,0,0,1,2,1,0,2)",0.0,0.0,0.0,0.0,0.0,0.0,0.0,0.5,0.0
"(0,0,0,0,1,0,2,1,0)",0.0,0.0,0.0,0.0,0.0,0.0,0.0,0.0,0.0
"(0,2,0,0,1,0,2,1,0)",0.0,0.0,0.0,0.0,0.0,0.0,0.0,0.0,0.0
"(0,2,0,0,1,0,2,1,1)",0.0,0.0,0.0,0.0,0.0,0.0,0.0,0.0,0.0
"(0,2,0,0,1,2,2,1,1)",0.5,0.0,0.0,0.0,0.0,0.0,0.0,0.0,0.0
"(0,0,0,2,0,0,0,1,0)",0.0,0.0,0.0,0.0,0.0,0.0,0.0,0.0,0.0
"(0,0,0,2,1,0,0,1,0)",0.0,0.0,0.0,0.0,0.0,0.0,0.0,0.0,0.0
"(0,0,2,2,1,0,0,1,0)",0.0,0.0,0.0,0.0,0.0,0.0,0.0,0.0,0.0
"(0,0,2,2,1,1,0,1,0)",0.0,0.0,0.0,0.0,0.0,0.0,0.0,0.0,0.0
"(0,2,2,2,1,1,0,1,0)",0.0,0.0,0.0,0.0,0.0,0.0,0.0,0.0,0.0
"(0,2,2,2,1,1,1,1,0)",0.0,0.0,0.0,0.0,0.0,0.0,0.0,0.0,0.0
"(0,2,2,2,1,1,1,1,2)",0.0,0.0,0.0,0.0,0.0,0.0,0.0,0.0,0.0
"(0,0,0,2,0,0,0,0,0)",0.0,0.0,0.0,0.0,0.0,0.0,0.0,0.0,0.0
"(2,0,0,2,0,0,0,1,0)",0.0,0.0,0.0,0.0,0.0,0.0,0.0,0.0,0.0
"(2,1,0,2,0,0,0,1,0)",0.0,0.0,0.0,0.0,0.0,0.0,0.0,0.0,0.0
"(2,1,0,2,2,0,0,1,0)",0.0,0.0,0.0,0.0,0.0,0.0,0.0,0.0,0.0
"(2,1,1,2,2,0,0,1,0)",0.0,0.0,0.0,0.0,0.0,0.0,0.0,0.0,0.5
"(2,0,1,0,0,0,1,0,0)",0.0,0.0,0.0,0.0,0.0,0.0,0.0,0.0,0.0
"(2,0,1,0,0,0,1,0,2)",0.0,0.0,0.0,0.0,0.5,0.0,0.0,0.0,0.0
"(0,0,0,0,2,0,0,1,0)",0.0,0.0,0.0,0.0,0.0,0.0,0.0,0.0,0.0
"(1,0,0,0,2,0,0,1,0)",0.0,0.0,0.0,0.0,0.0,0.0,0.0,0.0,0.0
"(1,0,0,0,2,2,0,1,0)",0.0,0.0,0.0,0.0,0.0,0.0,0.0,0.0,0.0
"(1,0,1,0,2,2,0,1,0)",0.0,0.0,0.0,0.0,0.0,0.0,0.0,0.0,0.0
"(1,0,1,0,2,2,0,1,2)",0.0,0.5,0.0,0.0,0.0,0.0,0.0,0.0,0.0
"(0,0,0,0,0,2,0,1,0)",0.0,0.0,0.0,0.0,0.0,0.0,0.0,0.0,0.0
"(0,1,0,0,0,2,0,1,0)",0.0,0.0,0.0,0.0,0.0,0.0,0.0,0.0,0.0
"(2,1,0,0,0,2,0,1,0)",0.0,0.0,0.0,0.0,0.0,0.0,0.0,0.0,0.0
"(2,1,0,1,0,2,0,1,0)",0.0,0.0,0.0,0.0,0.0,0.0,0.0,0.0,0.0
"(2,1,0,1,2,2,0,1,0)",0.0,0.0,0.0,0.0,0.0,0.0,0.0,0.0,0.0
"(2,1,0,1,2,2,0,1,1)",0.0,0.0,0.0,0.0,0.0,0.0,0.0,0.0,0.0
"(2,1,2,1,2,2,0,1,1)",0.0,0.0,0.0,0.0,0.0,0.0,0.975,0.0,0.0
"(0,2,0,0,0,0,0,1,0)",0.0,0.0,0.0,0.0,0.0,0.0,0.0,0.0,0.0
"(0,2,0,0,0,1,0,1,0)",0.0,0.0,0.0,0.0,0.0,0.0,0.0,0.0,0.0
"(0,2,0,0,0,1,2,1,0)",0.0,0.0,0.0,0.0,0.0,0.0,0.0,0.0,0.0
"(0,2,0,0,0,1,2,1,1)",0.0,0.0,0.0,0.0,0.0,0.0,0.0,0.0,0.0
"(0,2,0,2,0,1,2,1,1)",0.0,0.0,0.0,0.0,0.0,0.0,0.0,0.0,0.0
"(1,0,0,2,0,0,0,0,0)",0.0,0.0,0.0,0.0,0.0,0.0,0.0,0.0,0.0
"(1,0,0,2,0,0,0,0,1)",0.0,0.0,0.0,0.0,0.0,0.0,0.0,0.0,0.0
"(1,0,2,2,0,0,0,0,1)",0.0,0.0,0.0,0.0,0.0,0.0,0.0,0.0,0.0
"(1,1,2,2,0,0,0,0,1)",0.0,0.0,0.0,0.0,0.0,0.0,0.0,0.0,0.0
"(1,1,2,2,0,0,2,0,1)",0.0,0.0,0.0,0.0,0.0,0.0,0.0,0.0,0.0
"(1,1,2,2,0,1,2,0,1)",0.0,0.0,0.0,0.0,0.975,0.0,0.0,0.0,0.0
"(2,1,0,0,0,1,1,0,2)",0.0,0.0,0.0,0.0,0.0,0.0,0.0,0.0,0.0
"(2,1,2,0,0,1,1,0,2)",0.0,0.0,0.0,0.0,0.0,0.0,0.0,0.0,0.0
"(2,1,2,0,1,1,1,0,2)",0.0,0.0,0.0,0.0,0.0,0.0,0.0,0.0,0.0
"(2,1,2,0,1,1,1,2,2)",0.0,0.0,0.0,0.5,0.0,0.0,0.0,0.0,0.0
"(0,0,0,0,0,1,2,1,0)",0.0,0.0,0.0,0.0,0.0,0.0,0.0,0.0,0.0
"(0,0,0,0,2,1,2,1,0)",0.0,0.0,0.0,0.0,0.0,0.0,0.0,0.0,0.0
"(0,1,0,0,2,1,2,1,0)",0.0,0.0,0.5,0.0,0.0,0.0,0.0,0.0,0.0
"(0,0,2,0,0,0,0,0,1)",0.0,0.0,0.0,0.0,0.0,0.0,0.0,0.0,0.0
"(1,0,2,0,0,0,0,0,1)",0.0,0.0,0.0,0.0,0.0,0.0,0.0,0.0,0.0
"(1,0,2,0,2,0,0,0,1)",0.0,0.0,0.0,0.0,0.0,0.0,0.0,0.0,0.0
"(1,1,2,0,2,0,0,0,1)",0.0,0.0,0.0,0.0,0.0,0.0,0.0,0.0,0.0
"(1,1,2,0,2,0,0,2,1)",0.0,0.0,0.0,0.0,0.0,0.0,0.0,0.0,0.0
"(1,1,2,0,2,0,1,2,1)",0.0,0.0,0.0,0.0,0.0,0.0,0.0,0.0,0.0
"(1,1,2,2,2,0,1,2,1)",0.0,0.0,0.0,0.0,0.0,0.0,0.0,0.0,0.0
"(0,0,0,0,0,2,0,0,1)",0.0,0.0,0.0,0.0,0.0,0.0,0.0,0.0,0.0
"(0,0,0,0,2,2,0,0,1)",0.0,0.0,0.0,0.0,0.0,0.0,0.0,0.0,0.0
"(0,0,0,1,2,2,0,0,1)",0.0,0.0,0.0,0.0,0.0,0.0,0.0,0.0,0.0
"(0,0,0,1,2,2,0,2,1)",0.0,0.0,0.0,0.0,0.0,0.0,0.0,0.0,0.0
"(1,0,0,1,2,2,0,2,1)",0.0,0.0,0.0,0.0,0.0,0.0,0.0,0.0,0.0
"(1,0,2,1,2,2,0,2,1)",0.0,0.0,0.0,0.0,0.0,0.0,0.5,0.0,0.0
"(0,0,0,0,0,2,1,0,1)",0.0,0.0,0.0,0.0,0.0,0.0,0.0,0.0,0.0
"(0,2,0,0,0,2,1,0,1)",0.0,0.0,0.0,0.0,0.0,0.0,0.0,0.0,0.0
"(0,2,1,0,0,2,1,0,1)",0.0,0.0,0.0,0.0,0.0,0.0,0.0,0.0,0.0
"(0,2,1,0,2,2,1,0,1)",0.0,0.0,0.0,0.0,0.0,0.0,0.0,0.0,0.0
"(1,2,1,0,2,2,1,0,1)",0.0,0.0,0.0,0.0,0.0,0.0,0.0,0.5,0.0
"(0,0,0,0,1,1,2,0,0)",0.0,0.0,0.0,0.0,0.0,0.0,0.0,0.0,0.0
"(0,0,0,0,1,1,2,2,0)",0.0,0.0,0.0,0.0,0.0,0.0,0.0,0.0,0.0
"(1,0,0,0,1,1,2,2,0)",0.0,0.0,0.0,0.0,0.0,0.0,0.0,0.0,0.0
"(1,0,2,0,1,1,2,2,0)",0.0,0.0,0.0,0.975,0.0,0.0,0.0,0.0,0.0
"(0,0,0,0,0,0,1,2,0)",0.0,0.0,0.0,0.0,0.0,0.13368164062500001,0.0,0.0,0.0
"(0,0,1,0,0,0,1,2,0)",0.0,0.0,0.0,0.0,0.0,0.0,0.0,0.0,0.0
"(0,2,1,0,0,0,1,2,0)",0.0,0.0,0.0,0.0,0.0,0.0,0.0,0.0,0.0
"(0,2,1,1,0,0,1,2,0)",0.0,0.0,0.0,0.0,0.0,0.0,0.0,0.0,0.0
"(0,2,1,1,0,0,1,2,2)",0.0,0.0,0.0,0.0,0.5,0.0,0.0,0.0,0.0
"(0,0,1,0,1,2,0,0,0)",0.0,0.225,0.0,0.0,0.0,0.0,0.0,0.0,0.0
"(0,2,1,0,1,2,0,0,0)",0.0,0.0,0.0,0.0,0.0,0.0,0.975,0.0,0.0
"(1,0,0,1,2,2,0,0,0)",0.0,0.0,0.0,0.0,0.0,0.0,0.5,0.0,0.0
"(1,1,0,1,2,2,0,0,0)",0.0,0.0,0.0,0.0,0.0,0.0,0.0,0.0,0.0
"(1,1,0,1,2,2,0,0,2)",0.0,0.0,0.5,0.0,0.0,0.0,0.0,0.0,0.0
"(0,1,0,1,0,0,0,2,0)",0.0,0.0,0.0,0.0,0.0,0.0,0.0,0.0,0.0
"(0,1,0,1,2,0,0,2,0)",0.0,0.0,0.0,0.0,0.0,0.0,0.0,0.0,0.0
"(0,1,1,1,2,0,0,2,0)",0.0,0.0,0.0,0.0,0.0,0.0,0.0,0.0,0.0
"(2,1,1,1,2,0,0,2,0)",0.0,0.0,0.0,0.0,0.0,0.0,0.0,0.0,0.0
"(2,1,1,1,2,1,0,2,0)",0.0,0.0,0.0,0.0,0.0,0.0,0.0,0.0,0.975
"(1,0,0,2,1,0,0,0,0)",0.0,0.0,0.0,0.0,0.0,0.0,0.0,0.0,0.0
"(1,0,0,2,1,0,0,2,0)",0.0,0.0,0.0,0.0,0.0,0.0,0.0,0.0,0.5
"(0,1,1,2,0,1,0,2,2)",0.5,0.0,0.0,0.0,0.0,0.0,0.0,0.0,0.0
"(0,0,0,1,2,0,0,0,1)",0.0,0.0,0.0,0.0,0.0,0.0,0.0,0.0,0.0
"(0,2,0,1,2,0,0,0,1)",0.0,0.0,0.0,0.0,0.0,0.0,0.0,0.0,0.0
"(1,2,0,1,2,0,0,0,1)",0.0,0.0,0.0,0.0,0.0,0.0,0.0,0.0,0.0
"(1,2,0,1,2,0,2,0,1)",0.0,0.0,0.0,0.0,0.0,0.0,0.0,0.0,0.0
"(1,2,0,1,2,0,2,1,1)",0.0,0.0,0.0,0.0,0.0,0.0,0.0,0.0,0.0
"(1,2,0,1,2,2,2,1,1)",0.0,0.0,0.0,0.0,0.0,0.0,0.0,0.0,0.0
"(2,0,0,0,0,0,0,0,0)",0.0,0.0,0.0,0.0,0.0,0.0,0.0,0.0,0.0
"(2,0,0,0,0,0,0,0,1)",0.0,0.0,0.0,0.0,0.0,0.0,0.0,0.0,0.0
"(2,0,0,0,0,0,0,2,1)",0.0,0.0,0.0,0.0,0.0,0.0,0.0,0.0,0.0
"(2,0,1,0,0,0,0,2,1)",0.0,0.0,0.0,0.0,0.0,0.0,0.0,0.0,0.0
"(2,0,1,0,0,0,2,2,1)",0.0,0.0,0.0,0.0,0.0,0.0,0.0,0.0,0.0
"(2,0,1,1,0,0,2,2,1)",0.0,0.0,0.0,0.0,0.0,0.5,0.0,0.0,0.0
"(2,0,1,1,0,2,2,2,1)",0.0,0.0,0.0,0.0,0.0,0.0,0.0,0.0,0.0
"(2,1,1,1,0,2,2,2,1)",0.0,0.0,0.0,0.0,0.0,0.0,0.0,0.0,0.0
"(0,2,0,0,2,0,1,0,0)",0.0,0.0,0.0,0.0,0.0,0.0,0.0,0.0,0.0
"(0,2,0,0,2,0,1,1,0)",0.0,0.0,0.0,0.0,0.0,0.0,0.0,0.0,0.0
"(2,2,0,0,2,0,1,1,0)",0.0,0.0,0.0,0.0,0.0,0.0,0.0,0.0,0.0
"(2,2,0,0,2,1,1,1,0)",0.0,0.0,0.0,0.0,0.0,0.0,0.0,0.0,0.5
"(2,0,0,0,1,0,0,0,1)",0.0,0.0,0.0,0.0,0.0,0.0,0.0,0.0,0.0
"(2,0,0,0,1,0,0,2,1)",0.0,0.0,0.0,0.0,0.0,0.0,0.0,0.0,0.0
"(2,0,0,0,1,0,1,2,1)",0.0,0.0,0.0,0.0,0.0,0.0,0.0,0.0,0.0
"(2,0,0,0,1,2,1,2,1)",0.0,0.0,0.0,0.0,0.0,0.0,0.0,0.0,0.0
"(0,0,2,0,0,0,0,0,0)",0.0,0.0,0.0,0.0,0.0,0.0,0.0,0.0,0.0
"(0,0,2,0,1,0,0,0,0)",0.0,0.0,0.0,0.0,0.0,0.0,0.0,0.0,0.0
"(0,0,2,0,1,0,2,0,0)",0.0,0.0,0.0,0.0,0.0,0.0,0.0,0.0,0.0
"(1,0,2,0,1,0,2,0,0)",0.0,0.0,0.0,0.0,0.0,0.0,0.0,0.0,0.0
"(1,2,2,0,1,0,2,0,0)",0.0,0.0,0.0,0.0,0.0,0.0,0.0,0.0,0.0
"(1,2,2,0,1,0,2,1,0)",0.0,0.0,0.0,0.0,0.0,0.0,0.0,0.0,0.0
"(1,2,2,0,1,2,2,1,0)",0.0,0.0,0.0,0.0,0.0,0.0,0.0,0.0,0.5
"(0,1,0,0,0,0,0,2,1)",0.0,0.0,0.0,0.0,0.0,0.0,0.0,0.0,0.0
"(0,1,0,0,0,2,0,2,1)",0.0,0.0,0.0,0.0,0.0,0.0,0.0,0.0,0.0
"(0,1,0,1,0,2,0,2,1)",0.0,0.0,0.0,0.0,0.0,0.0,0.0,0.0,0.0
"(0,1,0,1,0,2,2,2,1)",0.0,0.0,0.0,0.0,0.0,0.0,0.0,0.0,0.0
"(1,1,0,1,0,2,2,2,1)",0.0,0.0,0.0,0.0,0.225,0.0,0.0,0.0,0.0
"(0,0,0,0,0,1,1,2,0)",0.0,0.0,0.0,0.0,0.0703125,0.0,0.0,0.0,0.0
"(0,1,0,0,2,1,1,2,0)",0.0,0.0,0.0,0.0,0.0,0.0,0.0,0.0,0.0
"(2,1,0,0,2,1,1,2,0)",0.0,0.0,0.0,0.225,0.0,0.0,0.0,0.0,0.0
"(0,2,0,1,0,0,0,0,1)",0.0,0.0,0.0,0.0,0.0,0.0,0.0,0.0,0.0
"(0,2,2,1,0,0,0,0,1)",0.0,0.0,0.0,0.0,0.0,0.0,0.0,0.0,0.0
"(0,2,2,1,0,1,0,0,1)",0.0,0.0,0.0,0.0,0.0,0.0,0.0,0.0,0.0
"(0,2,2,1,0,1,2,0,1)",0.0,0.0,0.0,0.0,0.975,0.0,0.0,0.0,0.0
"(1,2,2,1,0,1,2,0,1)",0.0,0.0,0.0,0.0,0.5,0.0,0.0,0.0,0.0
"(1,2,2,1,0,1,2,2,1)",0.0,0.0,0.0,0.0,0.5,0.0,0.0,0.0,0.0
"(0,0,0,0,1,0,0,2,1)",0.0,0.0,0.0,0.0,0.0,0.0,0.0,0.0,0.0
"(0,0,0,0,1,0,2,2,1)",0.0,0.0,0.0,0.0,0.0,0.0,0.0,0.0,0.0
"(0,0,0,1,1,0,2,2,1)",0.0,0.55125,0.0,0.0,0.0,0.0,0.0,0.0,0.0
"(0,0,0,1,1,2,2,2,1)",0.0,0.0,0.0,0.0,0.0,0.0,0.0,0.0,0.0
"(0,1,0,1,1,2,2,2,1)",0.0,0.0,0.0,0.0,0.0,0.0,0.0,0.0,0.0
"(2,1,0,1,1,2,2,2,1)",0.0,0.0,0.0,0.0,0.0,0.0,0.0,0.0,0.0
"(0,0,0,0,0,2,1,2,0)",0.0,0.0,0.0,0.0,0.0,0.0,0.0,0.0,0.0
"(1,0,0,0,0,2,1,2,0)",0.0,0.0,0.0,0.0,0.0,0.0,0.0,0.0,0.0
"(1,0,2,0,0,2,1,2,0)",0.0,0.0,0.0,0.0,0.0,0.0,0.0,0.0,0.0
"(1,1,2,0,0,2,1,2,0)",0.0,0.0,0.0,0.0,0.0,0.0,0.0,0.0,0.0
"(1,1,2,2,0,2,1,2,0)",0.0,0.0,0.0,0.0,0.0,0.0,0.0,0.0,0.0
"(1,1,2,2,1,2,1,2,0)",0.0,0.0,0.0,0.0,0.0,0.0,0.0,0.0,0.5
"(1,1,0,2,0,0,0,2,0)",0.0,0.0,0.0,0.0,0.0,0.0,0.0,0.0,0.0
"(1,1,0,2,0,0,1,2,0)",0.0,0.0,0.0,0.0,0.0,0.0,0.0,0.0,0.0
"(1,1,2,2,0,0,1,2,0)",0.0,0.0,0.0,0.0,0.0,0.0,0.0,0.0,0.0
"(1,1,2,2,0,0,1,2,1)",0.0,0.0,0.0,0.0,0.0,0.0,0.0,0.0,0.0
"(0,2,0,0,1,0,0,2,0)",0.0,0.0,0.0,0.0,0.0,0.0,0.0,0.0,0.0
"(0,2,1,0,1,2,0,2,0)",0.0,0.0,0.0,0.0,0.0,0.0,0.5,0.0,0.0
"(0,1,0,0,0,1,0,0,2)",0.0,0.0,0.0,0.0,0.0,0.0,0.0,0.0,0.0
"(2,1,0,0,0,1,0,0,2)",0.0,0.0,0.0,0.0,0.0,0.0,0.0,0.0,0.0
"(2,1,1,0,0,1,0,0,2)",0.0,0.0,0.0,0.0,0.0,0.0,0.0,0.0,0.0
"(2,1,1,0,0,1,0,2,2)",0.0,0.0,0.0,0.0,0.0,0.0,0.0,0.0,0.0
"(2,1,1,0,1,1,0,2,2)",0.0,0.0,0.0,0.0,0.0,0.0,0.5,0.0,0.0
"(0,0,2,0,0,1,1,2,0)",0.0,0.0,0.0,0.0,0.0,0.0,0.0,0.0,0.0
"(1,0,2,0,0,1,1,2,0)",0.0,0.0,0.0,0.0,0.0,0.0,0.0,0.0,0.0
"(1,0,2,0,0,1,1,2,2)",0.0,0.0,0.0,0.0,0.0,0.0,0.0,0.0,0.0
"(1,0,2,0,1,1,1,2,2)",0.0,0.0,0.0,0.0,0.0,0.0,0.0,0.0,0.0
"(1,0,2,2,1,1,1,2,2)",0.0,0.0,0.0,0.0,0.0,0.0,0.0,0.0,0.0
"(0,0,0,0,2,0,0,0,0)",0.0,0.0,0.0,0.0,0.0,0.0,0.0,0.0,0.0
"(2,0,0,0,2,0,0,1,0)",0.0,0.0,0.0,0.0,0.0,0.0,0.0,0.0,0.0
"(2,0,0,1,2,0,0,1,0)",0.0,0.0,0.0,0.0,0.0,0.0,0.0,0.0,0.0
"(2,0,0,1,2,2,0,1,0)",0.0,0.0,0.0,0.0,0.0,0.0,0.0,0.0,0.0
"(2,0,1,1,2,2,0,1,0)",0.0,0.0,0.0,0.0,0.0,0.0,0.0,0.0,0.0
"(2,2,1,1,2,2,0,1,0)",0.0,0.0,0.0,0.0,0.0,0.0,0.0,0.0,0.0
"(2,2,1,1,2,2,1,1,0)",0.0,0.0,0.0,0.0,0.0,0.0,0.0,0.0,0.5
"(0,1,0,2,0,0,0,0,0)",0.0,0.0,0.0,0.0,0.0,0.0,0.0,0.0,0.0
"(0,1,0,2,0,0,0,0,1)",0.0,0.0,0.0,0.0,0.0,0.0,0.0,0.0,0.0
"(0,1,0,2,0,0,2,0,1)",0.0,0.0,0.0,0.0,0.0,0.0,0.0,0.0,0.0
"(0,1,0,2,0,1,2,0,1)",0.0,0.0,0.0,0.0,0.0,0.0,0.0,0.0,0.0
"(0,1,2,2,0,1,2,0,1)",0.225,0.0,0.0,0.0,0.0,0.0,0.0,0.0,0.0
"(0,0,1,0,0,2,0,0,1)",0.0,0.0,0.0,0.0,0.0,0.0,0.0,0.0,0.0
"(0,0,1,0,0,2,2,0,1)",0.0,0.0,0.0,0.0,0.0,0.0,0.0,0.0,0.0
"(0,0,1,1,0,2,2,0,1)",0.0,0.0,0.0,0.0,0.0,0.0,0.0,0.0,0.0
"(2,0,1,1,0,2,2,0,1)",0.0,0.0,0.0,0.0,0.0,0.0,0.0,0.0,0.0
"(2,0,1,1,0,2,2,1,1)",0.0,0.0,0.0,0.0,0.0,0.0,0.0,0.0,0.0
"(2,2,1,1,0,2,2,1,1)",0.0,0.0,0.0,0.0,0.0,0.0,0.0,0.0,0.0
"(1,0,0,0,0,0,2,0,0)",0.0,0.0,0.0,0.0,0.0,0.0,0.0,0.0,0.0
"(1,2,0,0,0,0,2,0,0)",0.0,0.0,0.0,0.0,0.0,0.0,0.0,0.0,0.0
"(1,2,1,0,0,0,2,0,0)",0.0,0.0,0.0,0.0,0.0,0.0,0.0,0.0,0.0
"(1,2,1,0,0,0,2,2,0)",0.0,0.0,0.0,0.0,0.0,0.0,0.0,0.0,0.0
"(1,2,1,1,0,0,2,2,0)",0.0,0.0,0.0,0.0,0.0,0.0,0.0,0.0,0.0
"(1,2,1,1,0,2,2,2,0)",0.0,0.0,0.0,0.0,0.0,0.0,0.0,0.0,0.0
"(1,2,1,1,0,2,2,2,1)",0.0,0.0,0.0,0.0,1.42625,0.0,0.0,0.0,0.0
"(0,0,1,1,0,0,0,0,2)",0.0,0.0,0.0,0.0,0.0,0.0,0.0,0.0,0.0
"(2,0,1,1,0,0,0,0,2)",0.0,0.0,0.0,0.0,0.0,0.0,0.0,0.0,0.0
"(2,0,1,1,0,0,1,0,2)",0.0,0.0,0.0,0.0,0.0,0.0,0.0,0.0,0.0
"(2,2,1,1,0,0,1,0,2)",0.0,0.0,0.0,0.0,0.5,0.0,0.0,0.0,0.0
"(0,2,1,0,0,0,0,0,1)",0.0,0.0,0.0,0.0,0.0,0.0,0.0,0.0,0.0
"(0,2,1,2,0,0,0,0,1)",0.0,0.0,0.0,0.0,0.0,0.0,0.0,0.0,0.0
"(0,2,1,2,0,0,0,1,1)",0.0,0.0,0.0,0.0,0.0,0.0,0.0,0.0,0.0
"(0,2,1,2,0,2,0,1,1)",0.0,0.0,0.0,0.0,0.0,0.0,0.0,0.0,0.0
"(1,2,1,2,0,2,0,1,1)",0.0,0.0,0.0,0.0,0.5,0.0,0.0,0.0,0.0
"(2,1,1,0,0,2,0,0,0)",0.0,0.0,0.0,0.0,0.0,0.0,0.0,0.0,0.0
"(2,1,1,0,0,2,1,0,0)",0.0,0.0,0.0,0.0,0.0,0.0,0.0,0.0,0.0
"(2,1,1,2,0,2,1,0,0)",0.0,0.0,0.0,0.0,0.0,0.0,0.0,0.0,0.0
"(2,1,1,2,0,2,1,0,1)",0.0,0.0,0.0,0.0,0.0,0.0,0.0,0.0,0.0
"(2,1,1,2,0,2,1,2,1)",0.0,0.0,0.0,0.0,0.5,0.0,0.0,0.0,0.0
"(2,0,1,1,0,0,0,0,0)",0.0,0.0,0.0,0.0,0.0,0.0,0.0,0.0,0.0
"(2,2,1,1,0,0,0,0,0)",0.0,0.0,0.0,0.0,0.0,0.0,0.0,0.0,0.0
"(2,2,1,1,0,0,1,0,0)",0.0,0.0,0.0,0.0,0.0,0.0,0.0,0.0,0.0
"(2,2,1,1,2,0,1,0,0)",0.0,0.0,0.0,0.0,0.0,0.0,0.0,0.0,0.0
"(2,2,1,1,2,0,1,0,1)",0.0,0.0,0.0,0.0,0.0,0.0,0.0,0.5,0.0
"(0,1,0,0,0,0,0,0,2)",0.0,0.0,0.0,0.0,0.0,0.0,0.0,0.0,0.0
"(1,1,2,1,0,0,0,0,2)",0.0,0.0,0.0,0.0,0.0,0.5,0.0,0.0,0.0
"(1,1,2,1,2,0,0,0,2)",0.0,0.0,0.0,0.0,0.0,0.0,0.5,0.0,0.0
"(2,0,0,0,1,0,0,0,0)",0.0,0.0,0.0,0.0,0.0,0.0,0.0,0.0,0.0
"(2,0,0,1,1,0,0,0,0)",0.0,0.0,0.0,0.0,0.0,0.0,0.0,0.0,0.0
"(2,2,0,1,1,0,0,0,0)",0.0,0.0,0.0,0.0,0.0,0.0,0.0,0.0,0.0
"(2,2,0,1,1,0,1,0,0)",0.0,0.0,0.5,0.0,0.0,0.0,0.0,0.0,0.0
"(0,0,0,2,1,1,0,0,0)",0.0,0.0,0.0,0.0,0.0,0.0,0.0,0.0,0.0
"(2,0,0,2,1,1,0,0,0)",0.0,0.0,0.0,0.0,0.0,0.0,0.5,0.0,0.0
"(2,0,0,2,1,1,1,0,0)",0.0,0.0,0.0,0.0,0.0,0.0,0.0,0.0,0.0
"(2,2,0,2,1,1,1,0,0)",0.0,0.0,0.5,0.0,0.0,0.0,0.0,0.0,0.0
"(0,1,0,0,1,0,2,0,0)",0.0,0.0,0.0,0.0,0.0,0.0,0.0,0.0,0.0
"(0,1,0,2,1,0,2,0,0)",0.0,0.0,0.0,0.0,0.0,0.0,0.0,0.0,0.0
"(0,1,1,2,1,0,2,0,0)",0.0,0.0,0.0,0.0,0.0,0.0,0.0,0.0,0.0
"(0,1,1,2,1,0,2,2,0)",0.0,0.0,0.0,0.0,0.0,0.0,0.0,0.0,0.0
"(0,1,1,2,1,0,2,2,1)",0.0,0.0,0.0,0.0,0.0,0.0,0.0,0.0,0.0
"(0,1,1,2,1,2,2,2,1)",0.5,0.0,0.0,0.0,0.0,0.0,0.0,0.0,0.0
"(2,0,0,2,0,1,1,0,0)",0.0,0.0,0.0,0.0,0.0,0.0,0.0,0.0,0.0
"(2,0,1,2,0,1,1,0,0)",0.0,0.0,0.0,0.0,0.0,0.0,0.0,0.0,0.0
"(2,0,1,2,0,1,1,2,0)",0.0,0.0,0.0,0.0,0.0,0.0,0.0,0.0,0.0
"(2,1,1,2,0,1,1,2,0)",0.0,0.0,0.0,0.0,0.0,0.0,0.0,0.0,0.0
"(2,1,1,2,2,1,1,2,0)",0.0,0.0,0.0,0.0,0.0,0.0,0.0,0.0,0.975
"(0,1,2,0,0,0,0,0,0)",0.0,0.0,0.0,0.0,0.0,0.0,0.0,0.0,0.0
"(0,1,2,0,0,1,0,0,0)",0.0,0.0,0.0,0.0,0.0,0.0,0.0,0.0,0.0
"(0,1,2,0,0,1,0,0,2)",0.0,0.0,0.0,0.0,0.0,0.0,0.0,0.0,0.0
"(1,1,2,2,0,1,0,0,2)",0.0,0.0,0.0,0.0,0.0,0.0,0.0,0.0,0.0
"(0,0,0,2,1,2,0,0,0)",0.0,0.0,0.0,0.0,0.0,0.0,0.0,0.0,0.0
"(1,0,0,2,1,2,0,0,0)",0.0,0.0,0.0,0.0,0.0,0.0,0.0,0.0,0.0
"(1,0,0,2,1,2,2,0,0)",0.0,0.0,0.0,0.0,0.0,0.0,0.0,0.0,0.0
"(1,0,0,2,1,2,2,1,0)",0.0,0.0,0.0,0.0,0.0,0.0,0.0,0.0,0.0
"(1,0,2,2,1,2,2,1,0)",0.0,0.0,0.0,0.0,0.0,0.0,0.0,0.0,0.5
"(1,1,0,0,0,2,0,2,0)",0.0,0.0,0.5,0.0,0.0,0.0,0.0,0.0,0.0
"(2,2,1,0,0,1,0,0,0)",0.0,0.0,0.0,0.0,0.0,0.0,0.0,0.0,0.0
"(2,2,1,0,1,1,0,0,0)",0.0,0.0,0.0,0.0,0.0,0.0,0.0,0.0,0.0
"(2,2,1,0,1,1,2,0,0)",0.0,0.0,0.0,0.0,0.0,0.0,0.0,0.0,0.0
"(2,2,1,0,1,1,2,1,0)",0.0,0.0,0.0,0.5,0.0,0.0,0.0,0.0,0.0
"(0,0,0,1,1,2,2,0,0)",0.0,0.0,0.0,0.0,0.0,0.0,0.0,0.0,0.0
"(0,0,0,1,1,2,2,0,1)",0.0,0.0,0.0,0.0,0.0,0.0,0.0,0.0,0.0
"(0,0,1,1,1,2,2,2,1)",0.0,0.0,0.0,0.0,0.0,0.0,0.0,0.0,0.0
"(0,2,1,1,1,2,2,2,1)",0.975,0.0,0.0,0.0,0.0,0.0,0.0,0.0,0.0
"(0,0,0,1,1,0,2,1,2)",0.0,3.6359117817939186,0.0,0.0,0.0,0.0,0.0,0.0,0.0
"(0,0,0,1,1,2,2,1,2)",0.0,0.5,0.0,0.0,0.0,0.0,0.0,0.0,0.0
"(0,0,1,1,1,2,2,1,2)",0.0,0.0,0.0,0.0,0.0,0.0,0.0,0.0,0.0
"(0,1,2,2,0,0,0,0,0)",0.0,0.0,0.0,0.0,0.0,0.0,0.0,0.0,0.0
"(0,1,2,2,0,0,1,0,0)",0.0,0.0,0.0,0.0,0.0,0.0,0.0,0.0,0.0
"(0,1,2,2,0,2,1,0,0)",0.0,0.0,0.0,0.0,0.0,0.0,0.0,0.0,0.0
"(0,1,2,2,0,2,1,1,0)",0.0,0.0,0.0,0.0,0.0,0.0,0.0,0.0,0.5
"(1,0,0,1,1,0,2,0,2)",0.0,0.0,5.428895211147104,0.0,0.0,0.0,0.0,0.0,0.0
"(1,0,2,1,1,0,2,0,2)",0.0,0.0,0.0,0.0,0.0,6.415140775914578,0.0,0.0,0.0
"(0,0,0,1,1,0,2,2,0)",2.1223679468554693,0.0,0.0,0.0,0.0,0.0,0.0,0.0,0.10125
"(0,1,0,1,1,0,2,2,0)",0.0,0.0,0.0,0.0,0.0,0.0,0.0,0.0,0.975
"(2,1,0,1,1,0,2,2,0)",0.0,0.0,0.0,0.0,0.0,0.5,0.0,0.0,0.0
"(2,1,1,1,1,0,2,2,0)",0.0,0.0,0.0,0.0,0.0,0.0,0.0,0.0,0.5
"(0,0,0,1,1,0,0,0,2)",0.0,0.0,0.0,0.0,0.0,0.0,0.0,0.0,0.0
"(2,0,0,1,1,0,0,0,2)",0.0,0.0,0.0,0.0,0.0,0.0,0.0,0.0,0.0
"(2,1,0,1,1,0,0,0,2)",0.0,0.0,0.0,0.0,0.0,0.0,0.0,0.0,0.0
"(2,1,0,1,1,0,0,2,2)",0.0,0.0,0.0,0.0,0.0,0.0,0.0,0.0,0.0
"(2,1,0,1,1,0,1,2,2)",0.0,0.0,0.0,0.0,0.0,0.225,0.0,0.0,0.0
"(2,1,0,1,1,2,1,2,2)",0.0,0.0,0.975,0.0,0.0,0.0,0.0,0.0,0.0
"(0,0,0,1,0,0,2,1,0)",0.0,0.0,0.0,0.0,0.0,0.0,0.0,0.0,0.0
"(0,0,0,1,0,2,2,1,0)",0.0,0.0,0.0,0.0,0.0,0.0,0.0,0.0,0.0
"(0,0,1,1,0,2,2,1,0)",0.0,0.0,0.0,0.0,0.0,0.0,0.0,0.0,0.0
"(0,0,1,1,0,2,2,1,2)",0.0,0.0,0.0,0.0,0.0,0.0,0.0,0.0,0.0
"(2,0,1,1,1,2,2,1,2)",0.0,1.42625,0.0,0.0,0.0,0.0,0.0,0.0,0.0
"(0,2,0,1,1,0,2,1,2)",0.10125,0.0,0.0,0.0,0.0,4.59639912337363,0.0,0.0,0.0
"(0,0,0,2,0,0,0,1,2)",0.0,0.0,0.0,0.0,0.0,0.0,0.0,0.0,0.0
"(1,0,0,2,0,0,0,1,2)",0.0,0.0,0.0,0.0,0.0,0.0,0.0,0.0,0.0
"(1,2,0,2,0,0,0,1,2)",0.0,0.0,0.0,0.0,0.0,0.0,0.0,0.0,0.0
"(1,2,1,2,0,0,0,1,2)",0.0,0.0,0.0,0.0,0.0,0.0,0.0,0.0,0.0
"(1,2,1,2,0,0,2,1,2)",0.0,0.0,0.0,0.0,0.0,0.0,0.0,0.0,0.0
"(1,2,1,2,0,1,2,1,2)",0.0,0.0,0.0,0.0,0.0,0.0,0.0,0.0,0.0
"(0,0,0,2,0,0,1,0,0)",0.0,0.0,0.0,0.0,0.0,0.0,0.0,0.0,0.0
"(0,0,0,2,2,0,1,0,0)",0.0,0.0,0.0,0.0,0.0,0.0,0.0,0.0,0.0
"(1,0,0,2,2,0,1,0,0)",0.0,0.0,0.0,0.0,0.0,0.0,0.0,0.0,0.0
"(1,0,0,2,2,0,1,0,2)",0.0,0.0,0.0,0.0,0.0,0.0,0.0,0.0,0.0
"(1,0,1,2,2,0,1,0,2)",0.0,0.0,0.0,0.0,0.0,0.0,0.0,0.0,0.0
"(1,0,1,2,2,0,1,2,2)",0.0,0.0,0.0,0.0,0.0,0.0,0.0,0.0,0.0
"(1,0,1,2,2,1,1,2,2)",0.0,0.5,0.0,0.0,0.0,0.0,0.0,0.0,0.0
"(0,0,2,1,0,0,0,0,0)",0.0,0.0,0.0,0.0,0.0,0.0,0.0,0.0,0.0
"(0,0,2,1,0,0,0,1,0)",0.0,0.0,0.0,0.0,0.0,0.0,0.0,0.0,0.0
"(0,0,2,1,0,2,0,1,0)",0.225,0.0,0.0,0.0,0.0,0.0,0.0,0.0,0.0
"(1,0,2,1,0,2,0,1,0)",0.0,0.0,0.0,0.0,0.0,0.0,0.0,0.0,0.975
"(1,2,1,0,0,2,0,0,0)",0.0,0.0,0.0,0.0,0.0,0.0,0.0,0.0,0.0
"(1,2,1,1,0,2,0,0,0)",0.0,0.0,0.0,0.0,0.0,0.0,0.0,0.0,0.0
"(1,2,1,1,2,2,0,0,0)",0.0,0.0,0.0,0.0,0.0,0.0,0.0,0.0,0.0
"(1,2,1,1,2,2,0,0,1)",0.0,0.0,0.0,0.0,0.0,0.0,0.0,0.0,0.0
"(1,2,1,1,2,2,2,0,1)",0.0,0.0,0.0,0.0,0.0,0.0,0.0,0.0,0.0
"(2,0,0,2,0,0,0,1,1)",0.0,0.0,0.0,0.0,0.0,0.0,0.0,0.0,0.0
"(2,0,0,2,2,0,0,1,1)",0.0,0.0,0.0,0.0,0.0,0.0,0.0,0.0,0.0
"(2,0,0,2,2,1,0,1,1)",0.0,0.0,0.0,0.0,0.0,0.0,0.0,0.0,0.0
"(2,2,0,2,2,1,0,1,1)",0.0,0.0,0.5,0.0,0.0,0.0,0.0,0.0,0.0
"(2,0,0,1,0,0,0,0,0)",0.0,0.0,0.0,0.0,0.0,0.0,0.0,0.0,0.0
"(2,0,0,1,0,0,0,0,1)",0.0,0.0,0.0,0.0,0.0,0.0,0.0,0.0,0.0
"(2,0,2,1,0,0,0,0,1)",0.0,0.0,0.0,0.0,0.0,0.0,0.0,0.0,0.0
"(2,1,2,1,0,0,0,0,1)",0.0,0.0,0.0,0.0,0.0,0.0,0.0,0.0,0.0
"(2,1,2,1,0,2,0,0,1)",0.0,0.0,0.0,0.0,0.0,0.0,0.0,0.0,0.0
"(2,1,2,1,0,2,1,0,1)",0.0,0.0,0.0,0.0,0.0,0.0,0.0,0.0,0.0
"(2,1,2,1,2,2,1,0,1)",0.0,0.0,0.0,0.0,0.0,0.0,0.0,1.42625,0.0
"(0,0,1,1,0,0,2,0,0)",0.0,0.0,0.0,0.0,0.0,0.0,0.0,0.0,0.0
"(2,0,1,1,0,0,2,0,0)",0.0,0.0,0.0,0.0,0.0,0.0,0.0,0.0,0.0
"(2,0,1,1,0,1,2,0,0)",0.0,0.0,0.0,0.0,0.0,0.0,0.0,0.0,0.0
"(2,2,1,1,0,1,2,0,0)",0.0,0.0,0.0,0.0,0.0,0.0,0.0,0.0,0.975
"(2,2,1,1,0,1,2,1,0)",0.0,0.0,0.0,0.0,0.0,0.0,0.0,0.0,0.0
"(2,2,1,1,0,1,2,1,2)",0.0,0.0,0.0,0.0,0.975,0.0,0.0,0.0,0.0
"(0,0,1,1,1,0,2,0,2)",0.0,0.0,0.0,0.0,0.0,0.0,0.0,6.027856815417815,0.0
"(0,2,0,1,1,0,2,1,0)",0.0,0.0,0.0,0.0,0.0,0.0,0.0,0.0,1.663877656239258
"(0,2,2,1,1,0,2,1,0)",0.0,0.0,0.0,0.0,0.0,0.0,0.0,0.0,0.0
"(0,2,2,1,1,0,2,1,1)",0.5,0.0,0.0,0.0,0.0,0.0,0.0,0.0,0.0
"(0,1,0,1,0,0,2,0,0)",0.0,0.0,0.0,0.0,0.0,0.0,0.0,0.0,3.576452617593594
"(0,1,2,1,0,0,2,0,0)",0.0,0.0,0.0,0.0,0.0,0.0,0.0,0.0,0.0
"(0,1,2,1,0,1,2,0,0)",0.0,0.0,0.0,0.0,0.0,0.0,0.0,0.0,0.10125
"(0,1,2,1,0,1,2,0,2)",0.55125,0.0,0.0,0.0,0.0,0.0,0.0,0.0,0.0
"(0,0,0,1,0,0,2,0,1)",0.0,0.0,0.0,0.0,0.0,0.0,0.0,0.0,0.0
"(0,2,0,1,0,0,2,0,1)",0.0,0.0,0.0,0.0,0.0,0.0,0.0,0.0,0.0
"(0,2,0,1,0,0,2,1,1)",0.0,0.0,0.0,0.0,0.0,0.0,0.0,0.0,0.0
"(2,2,0,1,0,0,2,1,1)",0.0,0.0,0.0,0.0,0.0,0.0,0.0,0.0,0.0
"(2,2,0,1,0,1,2,1,1)",0.0,0.0,0.5,0.0,0.0,0.0,0.0,0.0,0.0
"(0,2,0,1,2,0,1,1,0)",0.0,0.0,0.0,0.0,0.0,0.0,0.0,0.0,0.0
"(0,2,0,1,2,0,1,1,2)",0.5,0.0,0.0,0.0,0.0,0.0,0.0,0.0,0.0
"(0,1,0,1,0,0,2,2,0)",0.0,0.0,0.0,0.0,0.225,0.0,0.0,0.0,0.0
"(1,1,0,1,0,0,2,2,0)",0.0,0.0,0.0,0.0,0.0,0.0,0.0,0.0,0.0
"(1,1,0,1,0,2,2,2,0)",0.0,0.0,0.0,0.0,0.0,0.0,0.0,0.0,0.0
"(1,1,0,1,1,2,2,2,0)",0.0,0.0,0.0,0.0,0.0,0.0,0.0,0.0,0.975
"(0,0,0,1,2,0,2,0,1)",0.43875,0.0,0.0,0.0,0.0,0.0,0.0,0.0,0.0
"(0,0,0,1,2,0,2,1,1)",0.0,0.0,0.0,0.0,0.0,0.0,0.0,0.0,0.0
"(2,0,0,1,2,0,2,1,1)",0.0,0.0,0.0,0.0,0.0,0.0,0.0,0.0,0.0
"(2,1,0,1,2,0,2,1,1)",0.0,0.0,0.5,0.0,0.0,0.0,0.0,0.0,0.0
"(2,1,0,1,2,2,2,1,1)",0.0,0.0,0.0,0.0,0.0,0.0,0.0,0.0,0.0
"(1,2,0,2,0,0,0,0,0)",0.0,0.0,0.0,0.0,0.0,0.0,0.0,0.0,0.0
"(1,2,0,2,0,0,0,1,0)",0.0,0.0,0.0,0.0,0.0,0.0,0.0,0.0,0.0
"(1,2,2,2,0,0,0,1,0)",0.0,0.0,0.0,0.0,0.0,0.0,0.0,0.0,0.0
"(1,2,2,2,0,1,0,1,0)",0.0,0.0,0.0,0.0,0.0,0.0,0.0,0.0,0.0
"(1,2,2,2,2,1,0,1,0)",0.0,0.0,0.0,0.0,0.0,0.0,0.0,0.0,0.0
"(1,2,2,2,2,1,1,1,0)",0.0,0.0,0.0,0.0,0.0,0.0,0.0,0.0,0.0
"(0,0,0,2,0,0,0,0,1)",0.0,0.0,0.0,0.0,0.0,0.0,0.0,0.0,0.0
"(0,0,0,2,0,2,0,0,1)",0.0,0.0,0.0,0.0,0.0,0.0,0.0,0.0,0.0
"(0,0,0,2,1,2,0,0,1)",0.0,0.0,0.0,0.0,0.0,0.0,0.0,0.0,0.0
"(0,0,2,2,1,2,0,0,1)",0.0,0.0,0.0,0.0,0.0,0.0,0.0,0.0,0.0
"(0,0,2,2,1,2,0,1,1)",0.0,0.0,0.0,0.0,0.0,0.0,0.0,0.0,0.0
"(0,0,2,2,1,2,2,1,1)",0.0,0.5,0.0,0.0,0.0,0.0,0.0,0.0,0.0
"(0,0,0,0,1,0,1,2,0)",0.0,0.0,0.0,0.0,0.0,0.0,0.0,0.0,0.0
"(0,0,2,0,1,0,1,2,0)",0.0,0.0,0.0,0.0,0.0,0.0,0.0,0.0,0.0
"(0,1,2,0,1,0,1,2,0)",0.0,0.0,0.0,0.0,0.0,0.0,0.0,0.0,0.0
"(0,1,2,0,1,0,1,2,2)",0.0,0.0,0.0,0.0,0.0,0.0,0.0,0.0,0.0
"(0,1,2,0,1,1,1,2,2)",0.0,0.0,0.0,0.0,0.0,0.0,0.0,0.0,0.0
"(0,1,2,2,1,1,1,2,2)",0.0,0.0,0.0,0.0,0.0,0.0,0.0,0.0,0.0
"(2,0,0,2,0,0,1,0,0)",0.0,0.0,0.0,0.0,0.0,0.0,0.0,0.0,0.0
"(2,1,0,2,0,0,1,0,0)",0.0,0.0,0.0,0.0,0.0,0.0,0.0,0.0,0.0
"(2,1,0,2,0,0,1,2,0)",0.0,0.0,0.0,0.0,0.0,0.0,0.0,0.0,0.0
"(2,1,1,2,0,0,1,2,0)",0.0,0.0,0.0,0.0,0.5,0.0,0.0,0.0,0.0
"(2,1,1,2,2,0,1,2,0)",0.0,0.0,0.0,0.0,0.0,0.0,0.0,0.0,0.0
"(2,1,1,2,2,0,1,2,1)",0.0,0.0,0.0,0.0,0.0,0.5,0.0,0.0,0.0
"(2,0,0,0,1,0,0,1,0)",0.0,0.0,0.0,0.0,0.0,0.0,0.0,0.0,0.0
"(2,0,0,2,1,0,0,1,0)",0.0,0.0,0.0,0.0,0.0,0.0,0.0,0.0,0.0
"(2,0,0,2,1,0,1,1,0)",0.0,0.0,0.0,0.0,0.0,0.0,0.0,0.0,0.0
"(2,0,0,2,1,2,1,1,0)",0.0,0.0,0.5,0.0,0.0,0.0,0.0,0.0,0.0
"(0,0,0,1,0,0,0,2,0)",0.0,0.0,0.0,0.0,0.0,0.0,0.0,0.0,0.0
"(0,0,0,1,0,0,0,2,1)",0.0,0.0,0.0,0.0,0.0,0.0,0.0,0.0,0.0
"(0,0,0,1,0,0,2,2,1)",0.0,0.0,0.0,0.0,0.0,0.0,0.0,0.0,0.0
"(0,1,0,1,0,0,2,2,1)",0.0,0.0,0.0,0.0,0.0,0.0,0.0,0.0,0.0
"(0,1,2,1,1,2,2,2,1)",0.5,0.0,0.0,0.0,0.0,0.0,0.0,0.0,0.0
"(0,0,2,1,1,0,2,0,0)",0.10125,0.0,0.0,0.0,0.0,0.0,0.0,0.0,0.0
"(1,0,2,1,1,0,2,0,0)",0.0,0.0,0.0,0.0,0.0,0.55125,0.0,0.0,0.0
"(1,0,2,1,1,2,2,0,0)",0.0,0.0,0.0,0.0,0.0,0.0,0.0,0.0,1.42625
"(0,0,2,1,0,0,2,0,1)",0.0,0.0,0.0,0.0,0.0,0.0,0.0,0.0,0.0
"(1,0,2,1,0,0,2,0,1)",0.0,0.0,0.0,0.0,0.0,0.0,0.0,0.0,0.0
"(1,2,2,1,0,0,2,0,1)",0.0,0.0,0.0,0.0,0.0,0.0,0.0,0.0,0.0
"(2,0,0,1,2,0,0,0,1)",0.0,0.0,0.0,0.0,0.0,0.0,0.0,0.0,0.0
"(2,0,0,1,2,1,2,0,1)",0.0,0.0,0.975,0.0,0.0,0.0,0.0,0.0,0.0
"(0,0,2,1,0,1,0,0,2)",0.0,0.0,0.0,0.0,0.0,0.0,0.0,0.0,0.0
"(0,0,2,1,0,1,0,1,2)",0.0,0.0,0.0,0.0,0.0,0.0,0.0,0.0,0.0
"(0,2,2,1,0,1,0,1,2)",0.0,0.0,0.0,0.0,0.0,0.0,0.0,0.0,0.0
"(1,2,2,1,0,1,0,1,2)",0.0,0.0,0.0,0.0,0.0,0.0,0.0,0.0,0.0
"(1,2,2,1,0,1,2,1,2)",0.0,0.0,0.0,0.0,0.5,0.0,0.0,0.0,0.0
"(1,0,0,1,0,2,0,0,2)",0.0,0.0,0.0,0.0,0.0,0.0,0.0,0.0,0.0
"(1,1,0,1,0,2,0,0,2)",0.0,0.0,0.0,0.0,0.0,0.0,0.0,0.0,0.0
"(1,1,0,1,0,2,2,0,2)",0.0,0.0,0.5,0.0,0.0,0.0,0.0,0.0,0.0
"(2,2,0,1,1,0,2,1,1)",0.0,0.0,0.5,0.0,0.0,0.0,0.0,0.0,0.0
"(0,2,0,1,0,1,2,0,1)",0.0,0.0,0.225,0.0,0.0,0.0,0.0,0.0,0.0
"(0,2,2,1,0,1,2,1,1)",0.5,0.0,0.0,0.0,0.0,0.0,0.0,0.0,0.0
"(0,2,0,1,1,2,2,1,0)",0.0,0.0,0.0,0.0,0.0,0.0,0.0,0.0,0.0
"(1,2,0,1,1,2,2,1,0)",0.0,0.0,0.0,0.0,0.0,0.0,0.0,0.0,0.0
"(1,2,0,1,1,2,2,1,2)",0.0,0.0,0.0,0.0,0.0,0.0,0.0,0.0,0.0
"(0,0,1,2,0,0,0,0,0)",0.0,0.0,0.0,0.0,0.0,0.0,0.0,0.0,0.0
"(0,0,1,2,0,0,0,0,2)",0.0,0.0,0.0,0.0,0.0,0.0,0.0,0.0,0.0
"(0,1,1,2,0,0,0,0,2)",0.0,0.0,0.0,0.0,0.0,0.0,0.0,0.0,0.0
"(0,1,1,2,0,2,0,0,2)",0.0,0.0,0.0,0.0,0.0,0.0,0.0,0.0,0.0
"(0,1,1,2,0,2,1,0,2)",0.0,0.0,0.0,0.0,0.0,0.0,0.0,0.0,0.0
"(2,1,1,2,0,2,1,0,2)",0.0,0.0,0.0,0.0,0.0,0.0,0.0,0.0,0.0
"(2,1,1,2,0,2,1,1,2)",0.0,0.0,0.0,0.0,0.5,0.0,0.0,0.0,0.0
"(0,0,2,0,1,1,0,0,0)",0.0,0.0,0.0,0.0,0.0,0.0,0.0,0.0,0.0
"(0,0,2,0,1,1,0,2,0)",0.0,0.0,0.0,0.0,0.0,0.0,0.0,0.0,0.0
"(1,0,2,0,1,1,0,2,0)",0.0,0.0,0.0,0.0,0.0,0.0,0.225,0.0,0.0
"(0,0,1,1,2,0,2,0,0)",0.0,0.0,0.0,0.0,0.0,0.0,0.0,0.0,0.0
"(0,0,1,1,2,1,2,0,0)",0.0,0.0,0.0,0.0,0.0,0.0,0.0,0.0,0.0
"(0,0,1,1,2,1,2,0,2)",0.0,0.0,0.0,0.0,0.0,0.0,0.0,0.0,0.0
"(0,1,1,1,2,1,2,0,2)",0.975,0.0,0.0,0.0,0.0,0.0,0.0,0.0,0.0
"(0,0,0,1,2,0,2,1,0)",0.0,0.0,0.0,0.0,0.0,0.0,0.0,0.0,0.0
"(1,0,0,1,2,0,2,1,0)",0.0,0.0,0.0,0.0,0.0,0.0,0.0,0.0,0.0
"(1,0,0,1,2,2,2,1,0)",0.0,0.0,0.0,0.0,0.0,0.0,0.0,0.0,0.0
"(1,0,0,1,2,2,2,1,1)",0.0,0.0,0.0,0.0,0.0,0.0,0.0,0.0,0.0
"(0,0,0,2,0,2,1,0,0)",0.0,0.0,0.0,0.0,0.0,0.0,0.0,0.0,0.0
"(0,1,0,2,0,2,1,0,0)",0.0,0.0,0.0,0.0,0.0,0.0,0.0,0.0,0.0
"(0,1,2,2,0,2,1,0,1)",0.0,0.0,0.0,0.0,0.0,0.0,0.0,0.0,0.0
"(2,1,2,2,0,2,1,0,1)",0.0,0.0,0.0,0.0,0.0,0.0,0.0,0.5,0.0
"(0,0,1,0,0,0,2,0,0)",0.0,0.0,0.0,0.0,0.0,0.0,0.0,0.0,0.0
"(0,0,1,0,0,0,2,0,1)",0.0,0.0,0.0,0.0,0.0,0.0,0.0,0.0,0.0
"(2,0,1,0,0,0,2,0,1)",0.0,0.0,0.0,0.0,0.0,0.0,0.0,0.0,0.0
"(2,0,1,0,0,0,2,1,1)",0.0,0.0,0.0,0.5,0.0,0.0,0.0,0.0,0.0
"(0,1,0,0,0,2,0,0,0)",0.0,0.0,0.0,0.0,0.0,0.0,0.0,0.0,0.0
"(0,1,0,0,1,2,0,0,0)",0.0,0.0,0.0,0.0,0.0,0.0,0.0,0.0,0.0
"(0,1,0,0,1,2,0,0,2)",0.0,0.0,0.0,0.0,0.0,0.0,0.0,0.5,0.0
"(0,2,0,1,2,0,0,1,1)",0.0,0.0,0.0,0.0,0.0,0.0,0.0,0.0,0.0
"(0,2,2,1,2,0,0,1,1)",0.0,0.0,0.0,0.0,0.0,0.0,0.0,0.0,0.0
"(0,2,2,1,2,1,0,1,1)",0.5,0.0,0.0,0.0,0.0,0.0,0.0,0.0,0.0
"(0,2,0,1,2,0,1,0,1)",0.0,0.0,0.0,0.0,0.0,0.0,0.0,0.0,0.0
"(2,2,0,1,2,0,1,0,1)",0.0,0.0,0.0,0.0,0.0,0.0,0.0,0.0,0.0
"(2,2,0,1,2,1,1,0,1)",0.0,0.0,0.5,0.0,0.0,0.0,0.0,0.0,0.0
"(0,0,0,0,2,0,1,0,1)",0.0,0.0,0.0,0.0,0.0,0.0,0.0,0.0,0.0
"(0,2,0,0,2,0,1,0,1)",0.0,0.0,0.0,0.0,0.0,0.0,0.0,0.0,0.0
"(0,2,1,0,2,0,1,0,1)",0.0,0.0,0.0,0.0,0.0,0.0,0.0,0.0,0.0
"(0,2,1,2,2,0,1,0,1)",0.0,0.0,0.0,0.0,0.0,0.0,0.0,0.0,0.0
"(1,2,1,2,2,0,1,0,1)",0.0,0.0,0.0,0.0,0.0,0.0,0.0,0.5,0.0
"(1,0,0,1,1,0,2,2,0)",0.0,0.0,0.0,0.0,0.0,2.7509379642773446,0.0,0.0,0.0
"(1,0,0,1,1,2,2,2,0)",0.0,0.225,0.0,0.0,0.0,0.0,0.0,0.0,3.697505902753907
"(0,0,0,1,0,2,2,0,1)",0.0,0.0,0.0,0.0,0.0,0.0,0.0,0.0,0.0
"(0,2,1,1,0,2,2,0,1)",0.0,0.0,0.0,0.0,0.0,0.0,0.0,0.0,0.0
"(0,2,1,1,0,2,2,1,1)",0.0,0.0,0.0,0.0,0.0,0.0,0.0,0.0,0.0
"(0,2,1,1,2,2,2,1,1)",0.0,0.0,0.0,0.0,0.0,0.0,0.0,0.0,0.0
"(1,0,0,2,0,2,1,2,0)",0.0,0.0,0.0,0.0,0.0,0.0,0.0,0.0,0.0
"(1,1,0,2,0,2,1,2,0)",0.0,0.0,0.0,0.0,0.0,0.0,0.0,0.0,0.0
"(1,1,0,2,0,2,1,2,2)",0.0,0.0,0.5,0.0,0.0,0.0,0.0,0.0,0.0
"(0,0,1,1,0,0,0,2,0)",0.0,0.0,0.0,0.0,0.0,0.0,0.0,0.0,0.0
"(0,0,1,1,0,2,0,2,0)",0.0,0.0,0.0,0.0,0.0,0.0,0.0,0.0,0.0
"(0,1,1,1,0,2,0,2,0)",0.0,0.0,0.0,0.0,0.0,0.0,0.0,0.0,0.0
"(0,1,1,1,2,2,0,2,0)",0.0,0.0,0.0,0.0,0.0,0.0,0.0,0.0,0.0
"(0,1,1,1,2,2,1,2,0)",0.0,0.0,0.0,0.0,0.0,0.0,0.0,0.0,0.0
"(0,1,1,1,2,2,1,2,2)",0.5,0.0,0.0,0.0,0.0,0.0,0.0,0.0,0.0
"(0,2,1,1,1,2,2,1,0)",0.0,0.0,0.0,0.0,0.0,0.0,0.0,0.0,0.0
"(2,2,1,1,1,2,2,1,0)",0.0,0.0,0.0,0.0,0.0,0.0,0.0,0.0,0.0
"(0,0,2,2,0,0,1,0,0)",0.0,0.0,0.0,0.0,0.0,0.0,0.0,0.0,0.0
"(0,0,2,2,0,1,1,0,0)",0.0,0.0,0.0,0.0,0.0,0.0,0.0,0.0,0.0
"(0,0,2,2,0,1,1,2,0)",0.0,0.0,0.0,0.0,0.0,0.0,0.0,0.0,0.0
"(1,0,2,2,0,1,1,2,0)",0.0,0.0,0.0,0.0,0.0,0.0,0.0,0.0,0.0
"(1,2,2,2,0,1,1,2,0)",0.0,0.0,0.0,0.0,0.0,0.0,0.0,0.0,0.0
"(1,2,2,2,0,1,1,2,1)",0.0,0.0,0.0,0.0,0.5,0.0,0.0,0.0,0.0
"(1,2,0,1,0,0,0,0,0)",0.0,0.0,0.0,0.0,0.0,0.0,0.0,0.0,0.0
"(1,2,0,1,0,0,0,2,0)",0.0,0.0,0.0,0.0,0.0,0.0,0.0,0.0,0.0
"(1,2,0,1,0,1,0,2,0)",0.0,0.0,0.0,0.0,0.5,0.0,0.0,0.0,0.0
"(0,1,0,1,1,0,2,0,2)",0.0,0.0,0.0,0.0,0.0,0.0,0.0,6.594383737118849,0.0
"(0,1,0,1,1,2,2,0,2)",0.0,0.0,0.0,0.0,0.0,0.0,0.0,0.0,0.0
"(0,1,1,1,1,2,2,0,2)",0.0,0.0,0.0,0.0,0.0,0.0,0.0,0.975,0.0
"(0,0,1,0,1,2,0,0,2)",0.0,0.0,0.0,0.0,0.0,0.0,0.0,0.0,0.0
"(0,0,1,0,1,2,0,1,2)",0.0,0.0,0.0,0.0,0.0,0.0,0.0,0.0,0.0
"(2,0,1,0,1,2,0,1,2)",0.0,0.0,0.0,0.0,0.0,0.0,0.0,0.0,0.0
"(2,0,1,1,1,2,0,1,2)",0.0,0.0,0.0,0.0,0.0,0.0,0.225,0.0,0.0
"(0,0,0,1,2,1,2,0,0)",0.0,0.0,0.0,0.0,0.0,0.0,0.0,0.0,0.0
"(0,0,1,1,2,1,2,1,2)",0.0,0.0,0.0,0.0,0.0,0.0,0.0,0.0,0.0
"(0,2,1,1,2,1,2,1,2)",0.0,0.0,0.0,0.0,0.0,0.0,0.0,0.0,0.0
"(2,0,1,2,0,0,0,0,0)",0.0,0.0,0.0,0.0,0.0,0.0,0.0,0.0,0.0
"(2,0,1,2,0,0,0,0,1)",0.0,0.0,0.0,0.0,0.0,0.0,0.0,0.0,0.0
"(2,0,1,2,0,2,0,0,1)",0.0,0.0,0.0,0.0,0.0,0.0,0.0,0.0,0.0
"(2,0,1,2,0,2,0,1,1)",0.0,0.0,0.0,0.0,0.5,0.0,0.0,0.0,0.0
"(2,0,0,1,1,0,2,0,0)",0.0,4.128523982504948,0.0,0.0,0.0,0.0,0.0,0.0,0.0
"(2,1,0,1,1,0,2,0,0)",0.0,0.0,4.928832129668434,0.0,0.0,0.0,0.0,0.0,0.0
"(2,1,2,1,1,0,2,0,0)",0.0,0.0,0.0,0.0,0.0,3.019429991067055,0.0,5.8187966478082265,0.0
"(0,0,2,0,0,0,0,1,0)",0.0,0.0,0.0,0.0,0.0,0.0,0.0,0.0,0.0
"(0,0,2,0,0,1,0,1,0)",0.0,0.0,0.0,0.0,0.0,0.0,0.0,0.0,0.0
"(0,0,2,0,0,1,2,1,0)",0.0,0.0,0.0,0.0,0.0,0.0,0.0,0.0,0.0
"(0,0,2,0,0,1,2,1,1)",0.0,0.0,0.0,0.0,0.0,0.0,0.0,0.0,0.0
"(0,2,2,0,0,1,2,1,1)",0.0,0.0,0.0,0.0,0.0,0.0,0.0,0.0,0.0
"(0,2,2,0,1,1,2,1,1)",0.0,0.0,0.0,0.43875,0.0,0.0,0.0,0.0,0.0
"(1,0,0,1,0,0,2,0,0)",0.0,0.0,0.2025,0.0,0.0,0.0,0.0,0.0,0.0
"(1,0,0,1,2,0,2,0,0)",0.0,0.0,0.0,0.0,0.0,0.0,0.0,0.0,0.225
"(1,0,0,1,2,0,2,0,1)",0.0,0.0,1.42625,0.0,0.0,0.0,0.0,0.0,0.0
"(0,0,0,1,1,2,2,1,0)",0.225,0.0,0.0,0.0,0.0,0.0,0.0,0.0,0.0
"(0,0,2,1,1,2,2,1,0)",0.0,0.0,0.0,0.0,0.0,0.0,0.0,0.0,0.0
"(1,0,2,1,1,2,2,1,0)",0.0,0.0,0.0,0.0,0.0,0.0,0.0,0.0,0.5
"(0,1,0,1,0,0,0,0,2)",0.0,0.0,0.0,0.0,0.0,0.0,0.0,0.0,0.0
"(0,1,2,1,0,0,0,0,2)",0.0,0.0,0.0,0.0,0.0,0.0,0.0,0.0,0.0
"(0,2,0,0,2,1,0,0,1)",0.0,0.0,0.0,0.0,0.0,0.0,0.0,0.0,0.0
"(0,2,0,1,2,1,0,0,1)",0.0,0.0,0.0,0.0,0.0,0.0,0.0,0.5,0.0
"(0,2,0,1,0,0,2,1,0)",0.0,0.0,0.0,0.0,0.0,0.0,0.0,0.0,0.0
"(0,2,1,1,0,0,2,1,0)",0.0,0.0,0.0,0.0,0.0,0.0,0.0,0.0,0.0
"(0,2,1,1,0,2,2,1,0)",0.0,0.0,0.0,0.0,0.0,0.0,0.0,0.0,0.0
"(1,2,1,1,0,2,2,1,0)",0.0,0.0,0.0,0.0,0.0,0.0,0.0,0.0,0.0
"(1,2,1,1,0,2,2,1,2)",0.0,0.0,0.0,0.0,0.0,0.0,0.0,0.0,0.0
"(0,0,0,1,0,2,1,2,0)",0.0,0.0,0.0,0.0,0.0,0.0,0.0,0.0,0.0
"(0,0,0,1,2,2,1,2,0)",0.0,0.0,0.0,0.0,0.0,0.0,0.0,0.0,0.0
"(0,0,1,1,2,2,1,2,0)",0.0,0.0,0.0,0.0,0.0,0.0,0.0,0.0,0.0
"(2,0,1,1,2,2,1,2,0)",0.0,0.0,0.0,0.0,0.0,0.0,0.0,0.0,0.0
"(2,0,1,1,2,2,1,2,1)",0.0,0.5,0.0,0.0,0.0,0.0,0.0,0.0,0.0
"(0,0,2,1,1,0,0,0,0)",0.0,0.0,0.0,0.0,0.0,0.0,0.0,0.0,0.0
"(0,0,2,1,1,0,0,2,0)",0.0,0.0,0.0,0.0,0.0,0.0,0.0,0.0,0.0
"(0,0,2,1,1,0,0,2,1)",0.0,0.0,0.0,0.0,0.0,0.0,0.0,0.0,0.0
"(0,0,2,1,1,2,0,2,1)",0.0,0.0,0.0,0.0,0.0,0.0,0.0,0.0,0.0
"(0,0,2,1,1,2,1,2,1)",0.0,0.0,0.0,0.0,0.0,0.0,0.0,0.0,0.0
"(0,2,2,1,1,2,1,2,1)",0.975,0.0,0.0,0.0,0.0,0.0,0.0,0.0,0.0
"(0,2,0,0,1,0,0,1,0)",0.0,0.0,0.0,0.0,0.0,0.0,0.0,0.0,0.0
"(0,2,2,0,1,0,0,1,0)",0.0,0.0,0.0,0.0,0.0,0.0,0.0,0.0,0.0
"(1,2,2,0,1,0,0,1,0)",0.0,0.0,0.0,0.0,0.0,0.0,0.0,0.0,0.0
"(1,2,2,0,1,2,0,1,0)",0.0,0.0,0.0,0.0,0.0,0.0,0.0,0.0,0.0
"(1,2,2,0,1,2,1,1,0)",0.0,0.0,0.0,0.0,0.0,0.0,0.0,0.0,0.0
"(1,2,2,2,1,2,1,1,0)",0.0,0.0,0.0,0.0,0.0,0.0,0.0,0.0,0.5
"(0,0,2,1,0,0,2,1,1)",0.0,0.0,0.0,0.0,0.0,0.0,0.0,0.0,0.0
"(2,0,2,1,0,0,2,1,1)",0.0,0.0,0.0,0.0,0.0,0.0,0.0,0.0,0.0
"(2,1,2,1,0,0,2,1,1)",0.0,0.0,0.0,0.0,0.5,0.0,0.0,0.0,0.0
"(0,0,1,0,2,1,2,0,0)",0.0,0.0,0.0,0.0,0.0,0.0,0.0,0.0,0.0
"(0,0,1,0,2,1,2,1,0)",0.0,0.0,0.0,0.0,0.0,0.0,0.0,0.0,0.0
"(0,0,1,2,2,1,2,1,0)",0.0,0.0,0.0,0.0,0.0,0.0,0.0,0.0,0.5
"(2,1,0,0,0,0,0,2,1)",0.0,0.0,0.0,0.0,0.0,0.0,0.0,0.0,0.0
"(2,1,0,0,1,0,0,2,1)",0.0,0.0,0.0,0.0,0.0,0.0,0.0,0.0,0.0
"(2,1,0,2,1,0,0,2,1)",0.0,0.0,0.0,0.0,0.0,0.0,0.0,0.0,0.0
"(2,1,0,2,1,1,0,2,1)",0.0,0.0,0.0,0.0,0.0,0.0,0.0,0.0,0.0
"(2,1,2,2,1,1,0,2,1)",0.0,0.0,0.0,0.0,0.0,0.0,0.0,0.0,0.0
"(0,2,0,2,0,1,0,0,0)",0.0,0.0,0.0,0.0,0.0,0.0,0.0,0.0,0.0
"(0,2,1,2,0,1,0,0,0)",0.0,0.0,0.0,0.0,0.0,0.0,0.0,0.0,0.0
"(0,2,1,2,0,1,0,2,0)",0.0,0.0,0.0,0.0,0.0,0.0,0.0,0.0,0.5
"(0,0,2,1,1,0,2,0,1)",0.0,0.0,0.0,0.0,0.0,0.0,0.0,0.0,0.0
"(0,2,2,1,1,0,2,0,1)",0.5,0.0,0.0,0.0,0.0,0.0,0.0,0.0,0.0
"(1,0,1,1,2,0,2,0,0)",0.0,0.0,0.0,0.0,0.0,0.0,0.0,0.0,0.0
"(1,0,1,1,2,0,2,2,0)",0.0,0.5,0.0,0.0,0.0,0.0,0.0,0.0,0.0
"(1,0,1,1,2,0,2,2,1)",0.0,0.0,0.0,0.0,0.0,0.0,0.0,0.0,0.0
"(1,0,1,1,2,2,2,2,1)",0.0,0.5,0.0,0.0,0.0,0.0,0.0,0.0,0.0
"(2,0,0,1,0,1,2,1,0)",0.0,0.0,0.0,0.0,0.0,0.0,0.0,0.0,0.0
"(2,0,0,1,0,1,2,1,2)",0.0,0.0,0.0,0.0,0.0,0.0,0.0,0.0,0.0
"(2,0,1,1,0,1,2,1,2)",0.0,0.225,0.0,0.0,0.0,0.0,0.0,0.0,0.0
"(0,0,0,1,2,0,1,0,0)",0.0,0.0,0.0,0.0,0.0,0.0,0.0,0.0,0.0
"(2,0,0,1,2,0,1,0,0)",0.0,0.0,0.0,0.0,0.0,0.0,0.0,0.0,0.0
"(2,0,0,1,2,0,1,0,1)",0.0,0.0,0.0,0.0,0.0,0.0,0.0,0.0,0.0
"(2,0,2,1,2,0,1,0,1)",0.0,0.0,0.0,0.0,0.0,0.225,0.0,0.0,0.0
"(0,0,0,2,0,0,1,0,1)",0.0,0.0,0.0,0.0,0.0,0.0,0.0,0.0,0.0
"(0,2,0,2,0,0,1,0,1)",0.0,0.0,0.0,0.0,0.0,0.0,0.0,0.0,0.0
"(0,2,1,2,0,0,1,0,1)",0.0,0.0,0.0,0.0,0.0,0.0,0.0,0.0,0.0
"(0,2,1,2,0,0,1,2,1)",0.0,0.0,0.0,0.0,0.0,0.5,0.0,0.0,0.0
"(0,0,0,1,0,2,1,0,0)",0.0,0.0,0.0,0.0,0.0,0.0,0.0,0.0,0.0
"(2,0,0,1,0,2,1,0,0)",0.0,0.0,0.0,0.0,0.0,0.0,0.0,0.0,0.0
"(2,0,0,1,0,2,1,1,0)",0.0,0.0,0.0,0.0,0.0,0.0,0.0,0.0,0.0
"(2,0,0,1,2,2,1,1,0)",0.0,0.0,0.0,0.0,0.0,0.0,0.0,0.0,0.5
"(2,1,0,1,0,0,0,2,0)",0.0,0.0,0.0,0.0,0.0,0.0,0.0,0.0,0.0
"(2,1,0,1,1,0,0,2,0)",0.0,0.0,0.0,0.0,0.0,0.0,0.0,0.0,0.0
"(0,0,1,1,0,0,2,0,2)",0.0,0.0,0.0,0.0,0.0,0.0,0.0,0.0,0.0
"(0,0,1,1,0,0,2,1,2)",0.0,0.0,0.0,0.0,0.0,0.0,0.0,0.0,0.0
"(1,0,0,2,0,2,1,0,0)",0.0,0.0,0.0,0.0,0.5,0.0,0.0,0.0,0.0
"(0,0,1,0,0,2,0,0,0)",0.0,0.0,0.0,0.0,0.0,0.0,0.0,0.0,0.0
"(2,0,0,1,0,0,0,2,1)",0.0,0.0,0.0,0.0,0.0,0.0,0.0,0.0,0.0
"(2,0,0,1,0,1,0,2,1)",0.0,0.0,0.225,0.0,0.0,0.0,0.0,0.0,0.0
"(2,0,2,1,0,1,0,2,1)",0.0,0.0,0.0,0.0,0.975,0.0,0.0,0.0,0.0
"(1,0,0,0,1,0,2,0,2)",0.0,0.0,0.0,0.0,0.0,0.0,0.0,0.0,0.0
"(1,0,0,0,1,1,2,0,2)",0.0,0.0,0.0,0.0,0.0,0.0,0.0,0.0,0.0
"(1,2,0,0,1,1,2,0,2)",0.0,0.0,0.0,0.5,0.0,0.0,0.0,0.0,0.0
"(2,1,0,1,1,0,2,0,2)",0.0,0.0,0.225,0.0,0.0,0.0,0.0,0.0,0.0
"(2,1,1,1,1,0,2,0,2)",0.0,0.0,0.0,0.0,0.0,0.0,0.0,0.975,0.0
"(0,2,0,1,2,0,1,0,0)",0.0,0.0,0.0,0.0,0.0,0.0,0.0,0.0,0.0
"(0,2,0,1,2,1,1,0,0)",0.0,0.0,0.0,0.0,0.0,0.0,0.0,0.0,0.0
"(2,2,0,1,2,1,1,0,0)",0.0,0.0,0.0,0.0,0.0,0.0,0.0,0.0,0.0
"(2,2,0,1,2,1,1,1,0)",0.0,0.0,0.0,0.0,0.0,0.0,0.0,0.0,0.5
"(0,0,0,1,0,1,2,2,0)",0.0,0.0,0.0,0.0,0.0,0.0,0.0,0.0,0.0
"(0,0,0,1,0,1,2,2,1)",0.0,0.0,0.0,0.0,0.0,0.0,0.0,0.0,0.0
"(0,0,2,1,0,1,2,2,1)",0.0,0.0,0.0,0.0,0.0,0.0,0.0,0.0,0.0
"(0,1,2,1,0,1,2,2,1)",0.225,0.0,0.0,0.0,0.0,0.0,0.0,0.0,0.0
"(1,0,0,1,2,1,2,0,0)",0.0,0.0,0.5,0.0,0.0,0.0,0.0,0.0,0.0
"(1,0,0,1,0,0,2,0,2)",0.0,0.0,0.0,0.0,0.0,0.0,0.0,0.0,0.0
"(1,0,0,1,0,1,2,0,2)",0.0,0.0,0.0,0.0,0.0,0.0,0.0,0.5,0.0
"(0,1,2,0,0,0,1,0,0)",0.0,0.0,0.0,0.0,0.0,0.0,0.0,0.0,0.0
"(0,1,2,0,2,0,1,0,0)",0.0,0.0,0.0,0.0,0.0,0.0,0.0,0.0,0.0
"(0,1,2,0,2,1,1,0,0)",0.0,0.0,0.0,0.0,0.0,0.0,0.0,0.0,0.0
"(0,1,2,0,2,1,1,2,0)",0.0,0.0,0.0,0.0,0.0,0.0,0.0,0.0,0.0
"(0,1,2,0,2,1,1,2,1)",0.0,0.0,0.0,0.0,0.0,0.0,0.0,0.0,0.0
"(2,1,2,0,2,1,1,2,1)",0.0,0.0,0.0,0.0,0.0,0.0,0.0,0.0,0.0
"(0,1,0,2,0,2,0,0,0)",0.0,0.0,0.0,0.0,0.0,0.0,0.0,0.0,0.0
"(0,1,1,2,0,2,0,0,0)",0.0,0.0,0.0,0.0,0.0,0.0,0.0,0.0,0.0
"(0,1,1,2,0,2,2,0,0)",0.0,0.0,0.0,0.0,0.0,0.0,0.0,0.0,0.0
"(0,1,1,2,0,2,2,1,0)",0.0,0.0,0.0,0.0,0.0,0.0,0.0,0.0,0.0
"(0,1,1,2,0,2,2,1,2)",0.5,0.0,0.0,0.0,0.0,0.0,0.0,0.0,0.0
"(0,0,2,2,0,1,0,1,0)",0.0,0.0,0.0,0.0,0.0,0.0,0.0,0.0,0.0
"(0,0,2,2,0,1,1,1,0)",0.0,0.0,0.0,0.0,0.0,0.0,0.0,0.0,0.0
"(2,1,2,2,2,1,1,1,0)",0.0,0.0,0.0,0.0,0.0,0.0,0.0,0.0,0.5
"(2,0,0,1,0,0,2,0,1)",0.0,0.0,0.0,0.0,0.0,0.0,0.0,0.0,0.0
"(2,1,0,1,0,0,2,0,1)",0.0,0.0,0.0,0.0,0.0,0.0,0.0,0.0,0.0
"(2,1,0,1,0,2,2,0,1)",0.0,0.0,0.0,0.0,0.0,0.0,0.0,0.0,0.0
"(2,1,0,1,1,2,2,0,1)",0.0,0.0,0.0,0.0,0.0,0.0,0.0,0.0,0.0
"(0,0,0,2,2,0,0,1,0)",0.0,0.0,0.0,0.0,0.0,0.0,0.0,0.0,0.0
"(0,0,0,2,2,0,0,1,1)",0.0,0.0,0.0,0.0,0.0,0.5,0.0,0.0,0.0
"(0,1,0,0,0,0,2,0,0)",0.0,0.0,0.0,0.0,0.0,0.0,0.0,0.0,0.0
"(0,1,0,0,0,0,2,0,1)",0.0,0.0,0.0,0.0,0.0,0.0,0.0,0.0,0.0
"(0,1,0,0,0,2,2,0,1)",0.0,0.0,0.0,0.0,0.0,0.0,0.0,0.0,0.0
"(0,1,0,0,0,2,2,1,1)",0.0,0.0,0.0,0.0,0.0,0.0,0.0,0.0,0.0
"(0,1,2,0,0,2,2,1,1)",0.0,0.0,0.0,0.0,0.0,0.0,0.0,0.0,0.0
"(0,1,2,1,0,2,2,1,1)",0.0,0.0,0.0,0.0,0.975,0.0,0.0,0.0,0.0
"(2,1,0,1,1,2,2,0,0)",0.0,0.0,0.0,0.0,0.0,0.0,0.0,0.0,0.0
"(0,1,0,2,0,0,2,0,0)",0.0,0.0,0.0,0.0,0.0,0.0,0.0,0.0,0.0
"(0,1,2,2,0,0,2,0,1)",0.0,0.0,0.0,0.0,0.0,0.0,0.0,0.0,0.0
"(1,1,2,2,0,2,2,0,1)",0.0,0.0,0.0,0.0,0.0,0.0,0.0,0.0,0.0
"(1,1,2,2,0,2,2,1,1)",0.0,0.0,0.0,0.0,0.5,0.0,0.0,0.0,0.0
"(1,0,1,1,1,2,2,2,0)",0.0,0.225,0.0,0.0,0.0,0.0,0.0,0.0,0.0
"(1,2,1,1,1,2,2,2,0)",0.0,0.0,0.0,0.0,0.0,0.0,0.0,0.0,2.262190625
"(0,0,2,1,0,1,2,0,0)",0.0,0.0,0.0,0.0,0.0,0.0,0.0,0.0,0.0
"(0,0,2,1,0,1,2,0,1)",0.0,0.0,0.0,0.0,0.0,0.0,0.0,0.0,0.0
"(2,0,2,1,0,1,2,0,1)",0.0,0.0,0.0,0.0,0.0,0.0,0.0,0.0,0.0
"(2,1,2,1,0,1,2,0,1)",0.0,0.0,0.0,0.0,0.0,0.0,0.0,0.43875,0.0
"(0,1,0,0,2,0,0,1,0)",0.0,0.0,0.0,0.0,0.0,0.0,0.0,0.0,0.0
"(0,1,0,2,2,0,0,1,0)",0.0,0.0,0.0,0.0,0.0,0.0,0.0,0.0,0.0
"(0,1,0,2,2,0,1,1,0)",0.0,0.0,0.0,0.0,0.0,0.0,0.0,0.0,0.0
"(2,1,0,2,2,0,1,1,0)",0.0,0.0,0.0,0.0,0.0,0.0,0.0,0.0,0.0
"(2,1,1,2,2,0,1,1,0)",0.0,0.0,0.0,0.0,0.0,0.5,0.0,0.0,0.0
"(0,2,0,1,0,0,0,1,0)",0.0,0.0,0.0,0.0,0.0,0.0,0.0,0.0,0.0
"(0,2,0,1,1,0,0,1,2)",0.0,0.0,0.0,0.0,0.0,0.0,0.0,0.0,0.0
"(0,2,2,1,1,0,0,1,2)",0.0,0.0,0.0,0.0,0.0,0.5,0.0,0.0,0.0
"(2,1,2,1,0,1,0,0,0)",0.0,0.0,0.0,0.0,0.0,0.0,0.0,0.0,0.0
"(2,1,2,1,0,1,0,0,2)",0.0,0.0,0.0,0.0,0.0,0.0,0.0,0.0,0.0
"(2,1,2,1,0,1,1,0,2)",0.0,0.0,0.0,0.0,0.0,0.0,0.0,0.0,0.0
"(2,1,2,1,0,1,1,2,2)",0.0,0.0,0.0,0.0,0.975,0.0,0.0,0.0,0.0
"(2,0,0,1,0,0,1,0,0)",0.0,0.0,0.0,0.0,0.0,0.0,0.0,0.0,0.0
"(2,0,0,1,0,0,1,2,0)",0.0,0.0,0.0,0.0,0.0,0.0,0.0,0.0,0.0
"(2,1,0,1,0,0,1,2,0)",0.0,0.0,0.0,0.0,0.0,0.0,0.0,0.0,0.0
"(2,1,0,1,2,0,1,2,0)",0.0,0.0,0.0,0.0,0.0,0.43875,0.0,0.0,0.0
"(2,0,0,1,2,1,2,1,0)",0.0,0.0,0.0,0.0,0.0,0.0,0.0,0.0,0.0
"(2,0,0,1,2,1,2,1,1)",0.0,0.0,0.5,0.0,0.0,0.0,0.0,0.0,0.0
"(1,0,1,1,0,2,2,1,2)",0.0,0.0,0.0,0.0,0.0,0.0,0.0,0.0,0.0
"(1,0,1,1,2,2,2,1,2)",0.0,0.5,0.0,0.0,0.0,0.0,0.0,0.0,0.0
"(0,0,0,2,1,0,2,1,0)",0.0,0.0,0.0,0.0,0.0,0.0,0.0,0.0,0.0
"(1,0,0,2,1,0,2,1,0)",0.0,0.0,0.0,0.0,0.0,0.0,0.0,0.0,0.0
"(1,2,0,2,1,0,2,1,0)",0.0,0.0,0.0,0.0,0.0,0.0,0.0,0.0,0.5
"(0,2,0,1,0,0,1,0,2)",0.0,0.0,0.0,0.0,0.0,0.0,0.0,0.0,0.0
"(0,2,0,1,1,0,1,0,2)",0.0,0.0,0.0,0.0,0.0,0.0,0.0,0.0,0.0
"(0,2,2,1,1,0,1,0,2)",0.5,0.0,0.0,0.0,0.0,0.0,0.0,0.0,0.0
"(0,0,1,1,0,2,0,0,0)",0.0,0.0,0.0,0.0,0.0,0.0,0.0,0.0,0.0
"(0,0,1,1,0,2,2,0,0)",0.0,0.0,0.0,0.0,0.0,0.0,0.0,0.0,0.0
"(1,0,1,1,0,2,2,0,0)",0.0,0.0,0.0,0.0,0.0,0.0,0.0,0.0,0.0
"(1,2,1,1,0,2,2,0,0)",0.0,0.0,0.0,0.0,0.0,0.0,0.0,0.0,0.0
"(1,2,1,1,0,2,2,0,1)",0.0,0.0,0.0,0.0,0.0,0.0,0.0,0.225,0.0
"(1,1,0,2,0,0,0,0,2)",0.0,0.0,0.0,0.0,0.0,0.0,0.0,0.0,0.0
"(1,1,0,2,0,0,0,1,2)",0.0,0.0,0.0,0.0,0.0,0.0,0.0,0.0,0.0
"(1,1,0,2,0,0,2,1,2)",0.0,0.0,0.0,0.0,0.0,0.0,0.0,0.0,0.0
"(1,1,0,2,0,1,2,1,2)",0.0,0.0,0.0,0.0,0.0,0.0,0.0,0.0,0.0
"(1,1,2,2,0,1,2,1,2)",0.0,0.0,0.0,0.0,0.5,0.0,0.0,0.0,0.0
"(0,0,0,1,0,2,0,1,0)",0.0,0.0,0.0,0.0,0.0,0.0,0.0,0.0,0.0
"(0,2,0,1,0,2,0,1,0)",0.0,0.0,0.0,0.0,0.0,0.0,0.0,0.0,0.0
"(2,2,0,1,1,2,0,1,0)",0.0,0.0,0.0,0.0,0.0,0.0,0.0,0.0,0.0
"(2,2,1,1,1,2,0,1,0)",0.0,0.0,0.0,0.0,0.0,0.0,0.0,0.0,0.0
"(2,2,1,1,1,2,0,1,2)",0.0,0.0,0.0,0.0,0.0,0.0,0.5,0.0,0.0
"(2,0,0,1,0,1,0,0,0)",0.0,0.0,0.0,0.0,0.0,0.0,0.0,0.0,0.0
"(2,0,0,1,2,1,0,0,0)",0.0,0.0,0.0,0.0,0.0,0.0,0.0,0.0,0.0
"(2,0,0,1,2,1,0,1,0)",0.0,0.0,0.0,0.0,0.0,0.0,0.0,0.0,0.0
"(2,0,1,1,2,1,2,1,0)",0.0,0.0,0.0,0.0,0.0,0.0,0.0,0.0,0.0
"(2,2,1,1,2,1,2,1,0)",0.0,0.0,0.0,0.0,0.0,0.0,0.0,0.0,0.975
"(1,0,0,1,2,0,0,0,0)",0.0,0.0,0.0,0.0,0.0,0.0,0.0,0.0,0.0
"(1,2,0,1,2,0,0,0,0)",0.0,0.0,0.0,0.0,0.0,0.0,0.0,0.0,0.0
"(1,2,0,1,2,1,0,0,0)",0.0,0.0,0.0,0.0,0.0,0.0,0.0,0.5,0.0
"(1,2,0,1,1,0,2,1,2)",0.0,0.0,0.55125,0.0,0.0,0.0,0.0,0.0,0.0
"(2,0,0,1,0,0,2,1,1)",0.0,0.0,0.0,0.0,0.0,0.0,0.0,0.0,0.0
"(2,2,1,1,0,0,2,1,1)",0.0,0.0,0.0,0.0,0.0,0.0,0.0,0.0,0.0
"(2,2,1,1,2,0,2,1,1)",0.0,0.0,0.0,0.0,0.0,0.5,0.0,0.0,0.0
"(0,1,0,1,0,2,0,0,2)",0.0,0.0,0.0,0.0,0.0,0.0,0.0,0.0,0.0
"(0,1,0,1,0,2,1,0,2)",0.0,0.0,0.5,0.0,0.0,0.0,0.0,0.0,0.0
"(0,0,1,2,0,0,1,0,0)",0.0,0.0,0.0,0.0,0.0,0.0,0.0,0.0,0.0
"(0,0,1,2,0,0,1,2,0)",0.0,0.0,0.0,0.0,0.0,0.0,0.0,0.0,0.0
"(0,1,1,2,0,0,1,2,0)",0.0,0.0,0.0,0.0,0.0,0.0,0.0,0.0,0.0
"(0,0,1,1,0,0,2,2,0)",0.0,0.0,0.0,0.0,0.0,0.0,0.0,0.0,0.0
"(0,0,1,1,0,0,2,2,1)",0.0,0.0,0.0,0.0,0.0,0.0,0.0,0.0,0.0
"(2,1,1,1,0,0,2,2,1)",0.0,0.0,0.0,0.0,0.0,0.0,0.0,0.0,0.0
"(1,0,2,2,0,0,1,0,0)",0.0,0.0,0.0,0.0,0.0,0.0,0.0,0.0,0.0
"(1,0,2,2,2,0,1,0,0)",0.0,0.0,0.0,0.0,0.0,0.0,0.0,0.0,0.0
"(1,0,2,2,2,1,1,0,0)",0.0,0.0,0.0,0.0,0.0,0.0,0.0,0.0,0.0
"(1,0,2,2,2,1,1,0,2)",0.0,0.0,0.0,0.0,0.0,0.0,0.0,0.0,0.0
"(1,1,2,2,2,1,1,0,2)",0.0,0.0,0.0,0.0,0.0,0.0,0.0,0.0,0.0
"(2,0,0,2,0,1,0,0,0)",0.0,0.0,0.0,0.0,0.0,0.0,0.0,0.0,0.0
"(0,0,0,1,0,2,0,1,2)",0.0,0.0,0.0,0.0,0.0,0.0,0.0,0.0,0.0
"(0,0,0,1,0,2,1,1,2)",0.0,0.0,0.0,0.0,0.0,0.0,0.0,0.0,0.0
"(0,2,0,1,0,2,1,1,2)",0.5,0.0,0.0,0.0,0.0,0.0,0.0,0.0,0.0
"(0,0,0,1,0,0,1,0,2)",0.0,0.0,0.0,0.0,0.0,0.0,0.0,0.0,0.0
"(0,0,0,1,2,0,1,0,2)",0.5,0.0,0.0,0.0,0.0,0.0,0.0,0.0,0.0
"(0,0,0,0,1,2,0,2,1)",0.0,0.0,0.0,0.0,0.0,0.0,0.0,0.0,0.0
"(0,0,0,0,1,2,1,2,1)",0.0,0.0,0.0,0.0,0.0,0.0,0.0,0.0,0.0
"(0,2,0,0,1,2,1,2,1)",0.0,0.0,0.0,0.0,0.0,0.0,0.0,0.0,0.0
"(0,2,0,1,1,2,1,2,1)",0.0,0.0,0.225,0.0,0.0,0.0,0.0,0.0,0.0
"(2,0,0,1,2,1,0,2,1)",0.0,0.0,0.0,0.0,0.0,0.0,0.0,0.0,0.0
"(2,0,0,1,2,1,1,2,1)",0.0,0.5,0.0,0.0,0.0,0.0,0.0,0.0,0.0
"(0,0,0,1,0,1,0,0,2)",0.0,0.0,0.0,0.0,0.0,0.0,0.0,0.0,0.0
"(0,0,0,1,0,1,2,0,2)",0.0,0.0,0.0,0.0,2.262190625,0.0,0.0,0.0,0.0
"(0,0,2,0,0,0,1,1,0)",0.0,0.0,0.0,0.0,0.0,0.0,0.0,0.0,0.0
"(0,0,2,0,2,0,1,1,0)",0.0,0.0,0.0,0.0,0.0,0.0,0.0,0.0,0.5
"(0,1,0,1,2,0,2,0,0)",0.0,0.0,0.0,0.0,0.0,0.0,0.0,0.0,0.0
"(0,1,1,1,2,0,2,0,0)",0.0,0.0,0.0,0.0,0.0,0.0,0.0,0.0,0.0
"(0,1,1,1,2,0,2,2,0)",0.0,0.0,0.0,0.0,0.0,0.0,0.0,0.0,0.0
"(0,1,1,1,2,1,2,2,0)",0.0,0.0,0.0,0.0,0.0,0.0,0.0,0.0,0.5
"(0,0,0,1,2,1,2,0,1)",0.0,0.0,0.0,0.0,0.0,0.0,0.0,0.0,0.0
"(0,2,0,1,2,1,2,0,1)",0.0,0.0,0.0,0.0,0.0,0.0,0.0,0.0,0.0
"(1,2,0,1,2,1,2,0,1)",0.0,0.0,0.5,0.0,0.0,0.0,0.0,0.0,0.0
"(2,0,0,0,2,1,1,0,0)",0.0,0.0,0.0,0.0,0.0,0.0,0.0,0.0,0.0
"(2,0,0,0,2,1,1,0,1)",0.0,0.0,0.0,0.0,0.0,0.0,0.0,0.0,0.0
"(2,0,2,0,2,1,1,0,1)",0.0,0.0,0.0,0.0,0.0,0.0,0.0,0.0,0.0
"(2,1,2,0,2,1,1,0,1)",0.0,0.0,0.0,0.0,0.0,0.0,0.0,0.0,0.0
"(2,1,2,2,2,1,1,0,1)",0.0,0.0,0.0,0.0,0.0,0.0,0.0,0.5,0.0
"(0,2,0,0,0,1,1,2,0)",0.0,0.0,0.0,0.0,0.0,0.0,0.0,0.0,0.0
"(1,2,0,0,0,1,1,2,0)",0.0,0.0,0.0,0.0,0.5,0.0,0.0,0.0,0.0
"(0,0,0,1,2,0,0,2,1)",0.0,0.0,0.0,0.0,0.0,0.0,0.0,0.0,0.0
"(0,0,1,1,2,0,0,2,1)",0.0,0.0,0.0,0.0,0.0,0.0,0.0,0.0,0.0
"(0,0,1,1,2,2,0,2,1)",0.0,0.0,0.0,0.0,0.0,0.0,0.225,0.0,0.0
"(0,0,1,1,2,2,1,2,1)",0.0,0.975,0.0,0.0,0.0,0.0,0.0,0.0,0.0
"(2,2,0,1,0,1,0,0,0)",0.0,0.0,0.0,0.0,0.0,0.0,0.225,0.0,0.0
"(2,2,1,1,0,1,0,0,0)",0.0,0.0,0.0,0.0,0.0,0.0,0.0,0.0,0.0
"(0,0,0,2,0,0,0,1,1)",0.0,0.0,0.0,0.0,0.0,0.0,0.0,0.0,0.0
"(0,2,0,2,0,0,0,1,1)",0.0,0.0,0.0,0.0,0.0,0.0,0.0,0.0,0.0
"(0,2,0,2,1,0,0,1,1)",0.0,0.0,0.0,0.0,0.0,0.0,0.0,0.0,0.0
"(0,2,2,2,1,0,0,1,1)",0.0,0.0,0.0,0.0,0.0,0.0,0.5,0.0,0.0
"(2,2,1,1,1,0,0,0,0)",0.0,0.0,0.0,0.0,0.0,0.0,0.0,0.0,0.0
"(2,2,1,1,1,0,0,2,0)",0.0,0.0,0.0,0.0,0.0,0.0,0.0,0.0,0.0
"(2,2,1,1,1,0,0,2,1)",0.0,0.0,0.0,0.0,0.0,0.0,0.0,0.0,0.0
"(2,2,1,1,1,2,0,2,1)",0.0,0.0,0.0,0.0,0.0,0.0,0.5,0.0,0.0
"(1,1,0,1,2,0,2,0,0)",0.0,0.0,0.0,0.0,0.0,0.0,0.0,0.0,0.0
"(1,1,0,1,2,2,2,0,0)",0.0,0.0,0.5,0.0,0.0,0.0,0.0,0.0,0.0
"(1,0,2,1,0,0,2,0,0)",0.0,0.0,0.0,0.0,0.0,0.6074999999999999,0.0,0.0,0.0
"(1,0,2,1,0,1,2,0,0)",0.0,0.0,0.0,0.0,1.42625,0.0,0.0,0.0,0.0
"(1,2,0,0,0,0,0,0,1)",0.0,0.0,0.0,0.0,0.0,0.0,0.0,0.0,0.0
"(1,2,0,0,0,0,2,0,1)",0.0,0.0,0.0,0.0,0.0,0.0,0.0,0.0,0.0
"(1,2,0,0,0,1,2,0,1)",0.0,0.0,0.0,0.0,0.0,0.0,0.0,0.0,0.0
"(1,2,0,0,0,1,2,2,1)",0.0,0.0,0.5,0.0,0.0,0.0,0.0,0.0,0.0
"(0,0,0,1,2,2,0,1,0)",0.0,0.0,0.0,0.0,0.0,0.0,0.0,0.0,0.0
"(0,0,0,1,2,2,0,1,1)",0.0,0.0,0.0,0.0,0.0,0.0,0.0,0.0,0.0
"(0,0,0,1,2,2,2,1,1)",0.0,0.0,0.0,0.0,0.0,0.0,0.0,0.0,0.0
"(0,0,1,1,2,2,2,1,1)",0.0,0.0,0.0,0.0,0.0,0.0,0.0,0.0,0.0
"(2,1,1,2,0,0,0,0,0)",0.0,0.0,0.0,0.0,0.0,0.0,0.5,0.0,0.0
"(0,0,0,2,0,2,1,0,1)",0.0,0.0,0.0,0.0,0.0,0.0,0.0,0.0,0.0
"(0,0,1,2,0,2,1,0,1)",0.0,0.0,0.0,0.0,0.5,0.0,0.0,0.0,0.0
"(2,0,2,1,0,1,2,1,0)",0.0,0.0,0.0,0.0,0.0,0.0,0.0,0.0,0.0
"(2,0,2,1,0,1,2,1,1)",0.0,0.0,0.0,0.0,0.5,0.0,0.0,0.0,0.0
"(0,1,0,0,2,0,0,0,0)",0.0,0.0,0.0,0.0,0.0,0.0,0.0,0.0,0.0
"(0,1,0,0,2,0,2,1,0)",0.0,0.0,0.0,0.0,0.0,0.0,0.0,0.0,0.0
"(0,1,0,1,2,0,2,1,0)",0.0,0.0,0.0,0.0,0.0,0.0,0.0,0.0,0.0
"(0,1,0,1,2,2,2,1,0)",0.0,0.0,0.0,0.0,0.0,0.0,0.0,0.0,0.0
"(1,1,0,1,2,2,2,1,0)",0.0,0.0,0.0,0.0,0.0,0.0,0.0,0.0,0.0
"(1,1,0,1,2,2,2,1,2)",0.0,0.0,0.5,0.0,0.0,0.0,0.0,0.0,0.0
"(2,1,0,1,2,0,0,1,0)",0.0,0.0,0.0,0.0,0.0,0.0,0.0,0.0,0.0
"(2,1,1,1,2,2,0,1,0)",0.0,0.0,0.0,0.0,0.0,0.0,0.0,0.0,0.5
"(0,2,0,1,0,1,0,2,0)",0.0,0.0,0.0,0.0,0.0,0.0,0.0,0.0,0.0
"(0,2,1,1,0,1,0,2,0)",0.0,0.0,0.0,0.0,0.0,0.0,0.0,0.0,0.0
"(2,2,1,1,0,1,0,2,0)",0.0,0.0,0.0,0.0,0.0,0.0,0.0,0.0,0.5
"(0,0,0,1,2,2,1,0,0)",0.0,0.0,0.0,0.0,0.0,0.0,0.0,0.0,0.0
"(0,1,0,1,2,2,1,0,0)",0.0,0.0,0.0,0.0,0.0,0.0,0.0,0.0,0.0
"(0,1,0,1,2,2,1,0,2)",0.5,0.0,0.0,0.0,0.0,0.0,0.0,0.0,0.0
"(2,1,0,1,0,0,0,0,2)",0.0,0.0,0.0,0.0,0.0,0.0,0.0,0.0,0.0
"(2,1,0,1,0,0,0,1,2)",0.0,0.0,0.0,0.0,0.0,0.0,0.0,0.0,0.0
"(2,1,2,1,0,0,0,1,2)",0.0,0.0,0.0,0.0,0.0,0.0,0.0,0.0,0.0
"(2,1,2,1,0,0,1,1,2)",0.0,0.0,0.0,0.0,0.5,0.0,0.0,0.0,0.0
"(0,0,1,1,2,0,0,2,0)",0.0,0.0,0.0,0.0,0.0,0.0,0.0,0.0,0.0
"(0,0,1,1,2,1,0,2,0)",0.0,0.0,0.0,0.0,0.0,0.0,0.0,0.0,0.0
"(0,0,1,1,2,1,2,2,0)",0.0,0.0,0.0,0.0,0.0,0.0,0.0,0.0,0.0
"(1,0,1,1,2,1,2,2,0)",0.0,0.5,0.0,0.0,0.0,0.0,0.0,0.0,0.0
"(0,0,1,1,2,0,0,0,0)",0.0,0.0,0.0,0.0,0.0,0.0,0.0,0.0,0.0
"(0,0,1,1,2,0,2,1,0)",0.0,0.0,0.0,0.0,0.0,0.0,0.0,0.0,0.0
"(0,2,1,1,2,0,2,1,0)",0.0,0.0,0.0,0.0,0.0,0.0,0.0,0.0,0.0
"(1,2,1,1,2,0,2,1,0)",0.0,0.0,0.0,0.0,0.0,0.0,0.0,0.0,0.0
"(1,2,1,1,2,2,2,1,0)",0.0,0.0,0.0,0.0,0.0,0.0,0.0,0.0,0.0
"(0,1,0,2,0,0,0,0,2)",0.0,0.0,0.0,0.0,0.0,0.0,0.0,0.0,0.0
"(2,1,1,2,0,0,0,0,2)",0.0,0.0,0.0,0.0,0.0,0.0,0.0,0.0,0.0
"(2,1,1,2,0,1,0,0,2)",0.0,0.0,0.0,0.0,0.5,0.0,0.0,0.0,0.0
"(0,1,0,1,0,0,2,0,2)",0.0,0.0,0.0,0.0,5.167451853115918,0.0,0.0,0.0,0.0
"(1,0,0,1,0,2,2,0,0)",0.0,0.0,0.0,0.0,0.0,0.0,0.0,0.0,0.0
"(1,0,1,1,0,2,2,0,2)",0.0,0.0,0.0,0.0,0.0,0.0,0.0,0.0,0.0
"(1,0,1,1,1,2,2,0,2)",0.0,0.0,0.0,0.0,0.0,0.0,0.0,0.5,0.0
"(0,1,2,1,1,0,0,2,0)",0.0,0.0,0.0,0.0,0.0,0.0,0.0,0.0,0.0
"(2,1,2,1,1,0,0,2,0)",0.0,0.0,0.0,0.0,0.0,0.5,0.0,0.0,0.0
"(2,1,0,1,0,0,2,0,0)",0.0,0.0,0.0,0.0,0.0,0.0,0.0,0.0,0.0
"(2,1,0,1,0,1,2,0,0)",0.0,0.0,0.0,0.0,0.0,0.0,0.0,0.0,0.0
"(2,1,0,1,0,1,2,0,2)",0.0,0.0,0.0,0.0,0.5,0.0,0.0,0.0,0.0
"(2,1,1,1,0,1,2,0,2)",0.0,0.0,0.0,0.0,0.5,0.0,0.0,0.0,0.0
"(2,0,1,1,0,0,0,2,0)",0.0,0.0,0.0,0.0,0.0,0.0,0.0,0.0,0.0
"(2,0,1,1,0,1,0,2,0)",0.0,0.0,0.0,0.0,0.0,0.0,0.0,0.0,0.0
"(2,0,1,1,2,1,0,2,0)",0.0,0.0,0.0,0.0,0.0,0.0,0.0,0.0,0.0
"(2,0,1,1,2,1,1,2,0)",0.0,0.0,0.0,0.0,0.0,0.0,0.0,0.0,0.5
"(0,2,1,1,0,0,2,0,0)",0.0,0.0,0.0,0.0,0.0,0.0,0.0,0.0,0.0
"(0,2,1,1,0,1,2,0,0)",0.225,0.0,0.0,0.0,0.0,0.0,0.0,0.0,0.0
"(0,2,0,1,0,2,0,0,1)",0.0,0.0,0.0,0.0,0.0,0.0,0.0,0.0,0.0
"(0,2,0,1,0,2,0,1,1)",0.0,0.0,0.0,0.0,0.0,0.0,0.0,0.0,0.0
"(2,2,0,1,0,2,0,1,1)",0.0,0.0,0.0,0.0,0.0,0.0,0.5,0.0,0.0
"(2,0,0,1,0,2,2,1,1)",0.0,0.0,0.0,0.0,0.0,0.0,0.0,0.0,0.0
"(2,1,0,1,0,2,2,1,1)",0.0,0.0,0.0,0.0,0.0,0.0,0.0,0.0,0.0
"(0,0,0,2,2,0,1,1,0)",0.0,0.0,0.0,0.0,0.0,0.5,0.0,0.0,0.0
"(0,1,0,0,2,1,1,2,2)",0.0,0.0,0.0,0.0,0.0,0.0,0.0,0.0,0.0
"(0,1,0,1,2,1,1,2,2)",0.0,0.0,0.0,0.0,0.0,0.0,0.0,0.0,0.0
"(0,1,2,1,2,1,1,2,2)",0.5,0.0,0.0,0.0,0.0,0.0,0.0,0.0,0.0
"(0,0,0,1,2,1,2,2,1)",0.0,0.0,0.5,0.0,0.0,0.0,0.0,0.0,0.0
"(0,0,0,1,0,0,1,2,2)",0.0,0.0,0.0,0.0,0.0,0.0,0.0,0.0,0.0
"(0,1,0,1,0,0,1,2,2)",0.0,0.0,0.0,0.0,0.0,0.0,0.0,0.0,0.0
"(0,1,0,1,2,0,1,2,2)",0.5,0.0,0.0,0.0,0.0,0.0,0.0,0.0,0.0
"(2,0,1,1,0,0,2,0,1)",0.0,0.0,0.0,0.0,0.0,0.0,0.0,0.0,0.0
"(2,1,1,1,0,2,2,0,1)",0.0,0.0,0.0,0.0,0.0,0.0,0.0,0.0,0.0
"(0,0,0,2,1,0,0,0,0)",0.0,0.0,0.0,0.0,0.0,0.0,0.0,0.0,0.0
"(0,0,2,2,1,0,0,0,0)",0.0,0.0,0.0,0.0,0.0,0.0,0.0,0.0,0.0
"(0,0,2,2,1,2,0,1,0)",0.0,0.5,0.0,0.0,0.0,0.0,0.0,0.0,0.0
"(1,2,0,1,0,0,2,0,0)",0.0,0.0,0.0,0.0,0.0,0.0,0.0,0.0,0.0
"(1,2,0,1,0,0,2,1,0)",0.0,0.0,0.0,0.0,0.0,0.0,0.0,0.0,0.0
"(1,2,2,1,0,0,2,1,0)",0.0,0.0,0.0,0.0,0.0,0.0,0.0,0.0,0.0
"(1,2,2,1,0,0,2,1,1)",0.0,0.0,0.0,0.0,0.0,0.0,0.0,0.0,0.0
"(1,2,2,1,0,2,2,1,1)",0.0,0.0,0.0,0.0,0.5,0.0,0.0,0.0,0.0
"(2,1,0,1,2,1,2,0,0)",0.0,0.0,0.0,0.0,0.0,0.0,0.0,0.0,0.0
"(2,1,0,1,2,1,2,0,1)",0.0,0.0,0.5,0.0,0.0,0.0,0.0,0.0,0.0
"(1,2,0,0,0,1,0,0,0)",0.0,0.0,0.0,0.0,0.0,0.0,0.0,0.0,0.0
"(1,2,0,0,2,1,0,0,0)",0.0,0.0,0.0,0.0,0.0,0.0,0.0,0.0,0.0
"(1,2,0,0,2,1,1,0,0)",0.0,0.0,0.0,0.0,0.0,0.0,0.0,0.0,0.0
"(1,2,0,0,2,1,1,0,2)",0.0,0.0,0.0,0.0,0.0,0.0,0.0,0.0,0.0
"(1,2,0,0,2,1,1,1,2)",0.0,0.0,0.0,0.0,0.0,0.0,0.0,0.0,0.0
"(1,2,0,2,2,1,1,1,2)",0.0,0.0,0.0,0.0,0.0,0.0,0.0,0.0,0.0
"(0,0,1,2,0,0,0,2,0)",0.0,0.0,0.0,0.0,0.0,0.0,0.0,0.0,0.0
"(0,0,1,2,0,0,0,2,1)",0.0,0.0,0.0,0.0,0.0,0.0,0.0,0.0,0.0
"(0,2,1,2,0,0,0,2,1)",0.0,0.0,0.0,0.0,0.0,0.5,0.0,0.0,0.0
"(1,0,0,1,1,2,2,0,0)",0.0,0.0,0.0,0.0,0.0,0.0,0.0,0.0,0.0
"(1,2,0,1,1,2,2,0,0)",0.0,0.0,0.387534375,0.0,0.0,0.0,0.0,0.0,0.0
"(1,2,1,1,1,2,2,0,0)",0.0,0.0,0.0,0.0,0.0,0.0,0.0,1.265315625,0.0
"(0,0,0,1,1,2,0,0,2)",0.0,0.0,0.0,0.0,0.0,0.0,0.0,0.0,0.0
"(1,0,0,1,1,2,0,0,2)",0.0,0.0,0.5,0.0,0.0,0.0,0.0,0.0,0.0
"(0,1,0,2,2,1,1,2,0)",0.0,0.0,0.0,0.0,0.0,0.0,0.0,0.0,0.0
"(1,1,0,2,2,1,1,2,0)",0.0,0.0,0.0,0.0,0.0,0.0,0.0,0.0,0.225
"(1,1,0,2,2,1,1,2,2)",0.0,0.0,1.42625,0.0,0.0,0.0,0.0,0.0,0.0
"(0,0,1,1,1,2,2,0,0)",0.0,0.0,0.0,0.0,0.0,0.0,0.0,0.0,0.0
"(0,2,1,1,1,2,2,0,0)",0.1974375,0.0,0.0,0.0,0.0,0.0,0.0,0.0,0.0
"(0,1,2,1,0,2,0,0,0)",0.0,0.0,0.0,0.0,0.0,0.0,0.0,0.0,0.0
"(0,1,2,1,1,2,0,0,0)",0.0,0.0,0.0,0.0,0.0,0.0,0.0,0.0,0.0
"(2,1,2,1,1,2,0,0,0)",0.0,0.0,0.0,0.0,0.0,0.0,0.0,0.0,0.0
"(2,1,2,1,1,2,0,0,1)",0.0,0.0,0.0,0.0,0.0,0.0,0.0,0.0,0.0
"(2,1,2,1,1,2,0,2,1)",0.0,0.0,0.0,0.0,0.0,0.0,0.0,0.0,0.0
"(1,0,0,2,0,0,0,2,0)",0.0,0.0,0.0,0.0,0.0,0.0,0.0,0.0,0.0
"(1,0,0,2,0,1,0,2,0)",0.0,0.0,0.0,0.0,0.0,0.0,0.0,0.0,0.0
"(1,0,0,2,0,1,0,2,2)",0.0,0.0,0.0,0.0,0.0,0.0,0.0,0.0,0.0
"(1,1,0,2,0,1,0,2,2)",0.0,0.0,0.0,0.0,0.0,0.0,0.5,0.0,0.0
"(0,0,0,1,0,0,2,1,2)",0.0,0.0,0.0,0.0,0.0,0.0,0.0,0.0,0.0
"(2,0,1,1,0,0,2,1,2)",0.0,0.0,0.0,0.0,0.0,0.0,0.0,0.0,0.0
"(2,0,1,1,1,0,2,1,2)",0.0,0.0,0.0,0.0,0.0,0.43875,0.0,0.0,0.0
"(0,1,1,2,2,1,1,2,0)",0.225,0.0,0.0,0.0,0.0,0.0,0.0,0.0,0.0
"(0,2,0,0,0,1,0,0,1)",0.0,0.0,0.0,0.0,0.0,0.0,0.0,0.0,0.0
"(0,2,0,0,0,1,0,2,1)",0.0,0.0,0.0,0.0,0.0,0.0,0.0,0.0,0.0
"(1,2,0,0,0,1,0,2,1)",0.0,0.0,0.0,0.0,0.5,0.0,0.0,0.0,0.0
"(2,0,0,1,1,2,2,1,0)",0.0,0.975,0.0,0.0,0.0,0.0,0.0,0.0,0.0
"(0,0,0,0,1,0,0,0,2)",0.0,0.0,0.0,0.0,0.0,0.0,0.0,0.0,0.0
"(0,1,0,0,1,0,0,0,2)",0.0,0.0,0.0,0.0,0.0,0.0,0.0,0.0,0.0
"(0,1,0,0,1,0,0,2,2)",0.0,0.0,0.0,0.0,0.0,0.0,0.0,0.0,0.0
"(0,1,0,2,1,1,0,2,2)",0.0,0.0,0.0,0.0,0.0,0.0,0.0,0.0,0.0
"(0,1,1,2,1,1,0,2,2)",0.0,0.0,0.0,0.0,0.0,0.0,0.0,0.0,0.0
"(2,1,1,2,1,1,0,2,2)",0.0,0.0,0.0,0.0,0.0,0.0,0.5,0.0,0.0
"(1,2,0,1,0,2,0,0,0)",0.0,0.0,0.0,0.0,0.0,0.0,0.0,0.0,0.0
"(1,2,0,1,0,2,0,1,0)",0.0,0.0,0.0,0.0,0.0,0.0,0.0,0.0,0.0
"(1,2,0,1,0,2,2,1,0)",0.0,0.0,0.0,0.0,0.0,0.0,0.0,0.0,0.0
"(1,1,0,2,0,2,0,0,2)",0.0,0.0,0.5,0.0,0.0,0.0,0.0,0.0,0.0
"(0,0,1,1,1,0,2,2,0)",0.0,0.0,0.0,0.0,0.0,0.0,0.0,0.0,0.0
"(0,2,1,1,1,0,2,2,0)",0.0,0.0,0.0,0.0,0.0,0.0,0.0,0.0,0.0
"(0,2,1,1,1,0,2,2,1)",0.0,0.0,0.0,0.0,0.0,0.225,0.0,0.0,0.0
"(0,0,1,1,1,2,2,0,2)",0.0,0.225,0.0,0.0,0.0,0.0,0.0,0.0,0.0
"(0,0,0,2,0,0,2,0,1)",0.0,0.0,0.0,0.0,0.0,0.0,0.0,0.0,0.0
"(1,0,0,2,0,0,2,0,1)",0.0,0.0,0.0,0.0,0.0,0.0,0.0,0.0,0.0
"(1,0,0,2,0,2,2,0,1)",0.0,0.0,0.0,0.0,0.0,0.0,0.0,0.0,0.0
"(1,0,0,2,0,2,2,1,1)",0.0,0.0,0.0,0.0,0.5,0.0,0.0,0.0,0.0
"(0,0,2,1,1,0,2,2,1)",0.0,0.0,0.0,0.0,0.0,0.5,0.0,0.0,0.0
"(0,2,1,1,2,0,0,1,0)",0.0,0.0,0.0,0.0,0.0,0.0,0.0,0.0,0.0
"(0,2,1,1,2,1,2,1,0)",0.225,0.0,0.0,0.0,0.0,0.0,0.0,0.0,0.0
"(0,0,2,0,1,0,0,0,1)",0.0,0.0,0.0,0.0,0.0,0.0,0.0,0.0,0.0
"(0,0,2,0,1,2,0,0,1)",0.0,0.0,0.0,0.0,0.0,0.0,0.0,0.0,0.0
"(0,0,2,0,1,2,0,1,1)",0.0,0.0,0.0,0.0,0.0,0.0,0.0,0.0,0.0
"(2,0,2,0,1,2,0,1,1)",0.0,0.0,0.0,0.0,0.0,0.0,0.0,0.0,0.0
"(2,0,2,1,1,2,0,1,1)",0.0,0.5,0.0,0.0,0.0,0.0,0.0,0.0,0.0
"(2,0,0,1,0,0,1,0,2)",0.0,0.0,0.0,0.0,0.0,0.0,0.0,0.0,0.0
"(2,0,0,1,1,0,1,0,2)",0.0,0.0,0.0,0.0,0.0,0.0,0.0,0.0,0.0
"(2,0,2,1,1,0,1,0,2)",0.0,0.0,0.0,0.0,0.0,0.0,0.0,0.0,0.0
"(2,1,2,1,1,0,1,0,2)",0.0,0.0,0.0,0.0,0.0,0.5,0.0,0.0,0.0
"(0,0,2,1,0,0,0,0,1)",0.0,0.0,0.0,0.0,0.0,0.0,0.0,0.0,0.0
"(0,0,2,1,2,0,0,0,1)",0.0,0.0,0.0,0.0,0.0,0.0,0.0,0.0,0.0
"(0,0,2,1,2,0,0,1,1)",0.0,0.0,0.0,0.0,0.0,0.0,0.5,0.0,0.0
"(0,0,2,1,2,2,0,1,1)",0.0,0.0,0.0,0.0,0.0,0.0,0.0,0.0,0.0
"(0,1,2,1,2,2,0,1,1)",0.225,0.0,0.0,0.0,0.0,0.0,0.0,0.0,0.0
"(0,1,0,1,2,0,0,0,0)",0.0,0.0,0.0,0.0,0.0,0.0,0.0,0.0,0.0
"(0,1,0,1,2,0,0,0,2)",0.0,0.0,0.0,0.0,0.0,0.0,0.0,0.0,0.0
"(0,1,0,1,2,1,0,0,2)",0.0,0.0,0.0,0.0,0.0,0.0,0.0,0.0,0.0
"(0,1,0,1,2,1,2,0,2)",0.0,0.0,0.225,0.0,0.0,0.0,0.0,0.0,0.0
"(0,2,0,0,0,0,0,0,1)",0.0,0.0,0.0,0.0,0.0,0.0,0.0,0.0,0.0
"(1,2,0,0,0,2,0,0,1)",0.0,0.0,0.0,0.0,0.0,0.0,0.0,0.0,0.0
"(1,2,0,0,0,2,0,1,1)",0.0,0.0,0.0,0.0,0.0,0.0,0.0,0.0,0.0
"(1,2,2,0,0,2,0,1,1)",0.0,0.0,0.0,0.0,0.0,0.0,0.5,0.0,0.0
"(0,1,0,1,2,0,2,0,1)",0.0,0.0,0.0,0.0,0.0,0.0,0.0,0.0,0.0
"(0,1,0,1,2,2,2,0,1)",0.0,0.0,0.0,0.0,0.0,0.0,0.0,0.0,0.0
"(0,1,0,1,0,2,2,1,0)",0.0,0.0,0.0,0.0,0.0,0.0,0.0,0.0,0.0
"(0,1,2,1,0,2,2,1,0)",0.0,0.0,0.0,0.0,0.0,0.0,0.0,0.0,0.225
"(1,0,0,0,0,0,2,1,0)",0.0,0.0,0.0,0.0,0.0,0.0,0.0,0.0,0.0
"(1,0,0,0,0,0,2,1,2)",0.0,0.0,0.0,0.0,0.0,0.0,0.0,0.0,0.0
"(1,1,0,0,0,0,2,1,2)",0.0,0.0,0.0,0.0,0.0,0.0,0.0,0.0,0.0
"(1,1,2,0,0,0,2,1,2)",0.0,0.0,0.0,0.0,0.0,0.0,0.0,0.0,0.0
"(1,1,2,1,0,0,2,1,2)",0.0,0.0,0.0,0.0,0.5,0.0,0.0,0.0,0.0
"(1,0,2,0,0,0,0,0,0)",0.0,0.0,0.0,0.0,0.0,0.0,0.0,0.0,0.0
"(1,1,2,0,0,0,0,0,0)",0.0,0.0,0.0,0.0,0.0,0.0,0.0,0.0,0.0
"(1,1,2,0,0,0,0,2,0)",0.0,0.0,0.0,0.0,0.0,0.0,0.0,0.0,0.0
"(1,1,2,0,0,0,0,2,1)",0.0,0.0,0.0,0.0,0.0,0.0,0.0,0.0,0.0
"(1,1,2,0,0,0,2,2,1)",0.0,0.0,0.0,0.0,0.0,0.0,0.0,0.0,0.0
"(1,1,2,1,0,0,2,2,1)",0.0,0.0,0.0,0.0,0.0,0.225,0.0,0.0,0.0
"(0,0,2,1,0,1,0,2,0)",0.0,0.0,0.0,0.0,0.0,0.0,0.0,0.0,0.0
"(0,1,2,1,0,1,0,2,0)",0.0,0.0,0.0,0.0,0.0,0.0,0.0,0.0,0.0
"(2,1,2,1,0,1,0,2,0)",0.0,0.0,0.0,0.0,0.0,0.0,0.0,0.0,0.0
"(2,1,2,1,0,1,1,2,0)",0.0,0.0,0.0,0.0,0.0,0.0,0.0,0.0,0.0
"(2,1,2,1,2,1,1,2,0)",0.0,0.0,0.0,0.0,0.0,0.0,0.0,0.0,0.0
"(1,2,0,2,0,0,2,1,0)",0.0,0.0,0.0,0.0,0.0,0.0,0.0,0.0,0.0
"(1,2,1,2,0,0,2,1,0)",0.0,0.0,0.0,0.0,0.0,0.0,0.0,0.0,0.0
"(1,2,1,2,2,0,2,1,0)",0.0,0.0,0.0,0.0,0.0,0.0,0.0,0.0,0.0
"(1,2,1,2,2,1,2,1,0)",0.0,0.0,0.0,0.0,0.0,0.0,0.0,0.0,0.0
"(0,2,0,2,0,0,0,1,0)",0.0,0.0,0.0,0.0,0.0,0.0,0.0,0.0,0.0
"(1,2,0,2,0,1,2,1,0)",0.0,0.0,0.0,0.0,0.0,0.0,0.0,0.0,0.0
"(1,2,0,2,2,1,2,1,0)",0.0,0.0,0.0,0.0,0.0,0.0,0.0,0.0,0.0
"(1,2,0,2,2,1,2,1,1)",0.0,0.0,0.5,0.0,0.0,0.0,0.0,0.0,0.0
"(1,0,2,1,1,0,2,2,0)",0.0,0.0,0.0,0.0,0.0,0.0,0.0,0.0,0.0
"(1,1,2,1,1,0,2,2,0)",0.0,0.0,0.0,0.0,0.0,0.0,0.0,0.0,0.0
"(1,1,2,1,1,2,2,2,0)",0.0,0.0,0.0,0.0,0.0,0.0,0.0,0.0,0.5
"(0,0,1,0,0,1,0,2,0)",0.0,0.0,0.0,0.0,0.0,0.0,0.0,0.0,0.0
"(0,0,1,0,2,1,0,2,0)",0.0,0.0,0.0,0.0,0.0,0.0,0.0,0.0,0.0
"(1,0,1,0,2,1,0,2,0)",0.0,0.0,0.0,0.0,0.0,0.0,0.0,0.0,0.0
"(1,0,1,0,2,1,2,2,0)",0.0,0.5,0.0,0.0,0.0,0.0,0.0,0.0,0.0
"(0,0,0,1,2,0,0,1,2)",0.0,0.0,0.0,0.0,0.0,0.0,0.0,0.0,0.0
"(0,0,0,1,2,0,1,1,2)",0.0,0.0,0.0,0.0,0.0,0.0,0.0,0.0,0.0
"(0,0,2,1,2,0,1,1,2)",0.5,0.0,0.0,0.0,0.0,0.0,0.0,0.0,0.0
"(2,0,0,1,0,0,0,1,0)",0.0,0.0,0.0,0.0,0.0,0.0,0.0,0.0,0.0
"(2,2,0,1,0,0,0,1,0)",0.0,0.0,0.0,0.0,0.0,0.0,0.0,0.0,0.0
"(2,2,0,1,0,0,1,1,0)",0.0,0.0,0.5,0.0,0.0,0.0,0.0,0.0,0.0
"(0,0,1,1,2,0,2,0,1)",0.0,0.0,0.0,0.0,0.0,0.0,0.0,0.0,0.0
"(2,0,1,1,2,0,2,0,1)",0.0,0.0,0.0,0.0,0.0,0.0,0.0,0.0,0.0
"(2,1,1,1,2,0,2,0,1)",0.0,0.0,0.0,0.0,0.0,0.0,0.0,0.0,0.0
"(2,1,1,1,2,2,2,0,1)",0.0,0.0,0.0,0.0,0.0,0.0,0.0,0.0,0.0
"(0,0,0,2,0,2,0,1,0)",0.0,0.0,0.0,0.0,0.0,0.0,0.0,0.0,0.0
"(0,0,0,2,0,2,0,1,1)",0.0,0.0,0.0,0.0,0.5,0.0,0.0,0.0,0.0
"(0,1,0,0,1,0,2,2,0)",0.0,0.0,0.0,0.0,0.0,0.0,0.0,0.0,0.0
"(0,1,0,0,1,0,2,2,1)",0.0,0.0,0.0,0.0,0.0,0.0,0.0,0.0,0.0
"(0,1,0,2,1,0,2,2,1)",0.0,0.0,0.0,0.0,0.0,0.0,0.0,0.0,0.0
"(0,1,0,2,1,1,2,2,1)",0.5,0.0,0.0,0.0,0.0,0.0,0.0,0.0,0.0
"(0,2,0,1,0,0,1,2,0)",0.0,0.0,0.0,0.0,0.0,0.0,0.0,0.0,0.0
"(0,2,0,1,0,1,1,2,0)",0.0,0.0,0.0,0.0,0.5,0.0,0.0,0.0,0.0
"(2,0,2,1,1,0,2,0,1)",0.0,0.0,0.0,0.0,0.0,0.0,0.0,0.0,0.0
"(2,1,2,1,1,0,2,0,1)",0.0,0.0,0.0,0.0,0.0,0.0,0.0,0.0,0.0
"(2,1,2,1,1,2,2,0,1)",0.0,0.0,0.0,0.0,0.0,0.0,0.0,0.5,0.0
"(1,0,2,1,1,0,2,1,2)",0.0,0.6418125,0.0,0.0,0.0,0.0,0.0,0.0,0.0
"(0,0,2,0,0,1,0,2,1)",0.0,0.0,0.0,0.0,0.0,0.0,0.0,0.0,0.0
"(0,0,2,0,1,1,0,2,1)",0.0,0.0,0.0,0.0,0.0,0.0,0.0,0.0,0.0
"(0,0,2,0,1,1,2,2,1)",0.0,0.0,0.0,0.0,0.0,0.0,0.0,0.0,0.0
"(0,1,2,0,1,1,2,2,1)",0.0,0.0,0.0,0.0,0.0,0.0,0.0,0.0,0.0
"(2,1,2,0,1,1,2,2,1)",0.0,0.0,0.0,0.5,0.0,0.0,0.0,0.0,0.0
"(0,0,1,0,0,0,0,2,0)",0.0,0.0,0.0,0.0,0.0,0.0,0.0,0.0,0.0
"(1,0,1,0,0,0,2,2,0)",0.0,0.0,0.0,0.0,0.0,0.0,0.0,0.0,0.0
"(1,0,1,0,1,0,2,2,0)",0.0,0.0,0.0,0.0,0.0,0.0,0.0,0.0,0.5
"(2,1,0,0,0,0,0,0,0)",0.0,0.0,0.0,0.0,0.0,0.0,0.0,0.0,0.0
"(2,1,1,0,2,1,0,0,0)",0.0,0.0,0.0,0.0,0.0,0.0,0.0,0.0,0.0
"(2,1,1,0,2,1,0,2,0)",0.0,0.0,0.0,0.225,0.0,0.0,0.0,0.0,0.0
"(0,2,0,1,0,1,2,0,0)",0.0,0.0,0.0,0.0,0.5,0.0,0.0,0.0,0.0
"(2,0,0,1,1,0,0,2,0)",0.0,0.0,0.0,0.0,0.0,0.5,0.0,0.0,0.0
"(2,0,0,1,1,0,1,2,0)",0.0,0.0,0.0,0.0,0.0,0.0,0.0,0.0,0.0
"(2,0,0,1,1,2,1,2,0)",0.0,0.0,0.0,0.0,0.0,0.0,0.0,0.0,0.0
"(2,0,0,1,1,2,1,2,1)",0.0,0.0,0.0,0.0,0.0,0.0,0.0,0.0,0.0
"(2,0,2,1,1,2,1,2,1)",0.0,0.0,0.0,0.0,0.0,0.0,0.0,0.0,0.0
"(0,1,0,0,2,0,2,0,0)",0.0,0.0,0.0,0.0,0.0,0.0,0.0,0.0,0.0
"(0,1,1,0,2,0,2,0,0)",0.0,0.0,0.0,0.0,0.0,0.0,0.0,0.0,0.0
"(0,1,1,0,2,0,2,0,2)",0.5,0.0,0.0,0.0,0.0,0.0,0.0,0.0,0.0
"(2,1,0,1,0,0,0,0,0)",0.0,0.0,0.0,0.0,0.0,0.0,0.0,0.0,0.0
"(2,1,0,1,0,0,1,2,2)",0.0,0.0,0.0,0.0,0.0,0.0,0.0,0.0,0.0
"(2,1,0,1,0,1,1,2,2)",0.0,0.0,0.225,0.0,0.0,0.0,0.0,0.0,0.0
"(2,1,0,0,0,0,0,1,0)",0.0,0.0,0.0,0.0,0.0,0.0,0.0,0.0,0.0
"(2,1,2,0,0,0,0,1,0)",0.0,0.0,0.0,0.0,0.0,0.0,0.0,0.0,0.0
"(2,1,2,0,0,0,1,1,0)",0.0,0.0,0.0,0.0,0.0,0.0,0.0,0.0,0.0
"(2,1,2,0,0,2,1,1,0)",0.0,0.0,0.0,0.0,0.0,0.0,0.0,0.0,0.0
"(2,1,2,1,0,2,1,1,0)",0.0,0.0,0.0,0.0,0.0,0.0,0.0,0.0,0.5
"(1,0,2,1,0,1,2,2,0)",0.0,0.0,0.0,0.0,0.5,0.0,0.0,0.0,0.0
"(0,0,1,1,2,0,2,1,2)",0.0,0.0,0.0,0.0,0.0,0.0,0.0,0.0,0.0
"(0,1,1,1,2,0,2,1,2)",0.5,0.0,0.0,0.0,0.0,0.0,0.0,0.0,0.0
"(2,1,0,1,0,2,0,0,0)",0.0,0.0,0.0,0.0,0.0,0.0,0.0,0.0,0.0
"(2,1,0,1,0,2,0,0,1)",0.0,0.0,0.0,0.0,0.0,0.0,0.0,0.0,0.0
"(1,0,2,0,0,0,0,0,2)",0.0,0.0,0.0,0.0,0.0,0.0,0.0,0.0,0.0
"(1,0,2,0,0,1,0,0,2)",0.0,0.0,0.0,0.0,0.0,0.0,0.0,0.0,0.0
"(1,0,2,0,2,1,0,0,2)",0.0,0.0,0.0,0.0,0.0,0.0,0.0,0.0,0.0
"(1,0,2,1,2,1,0,0,2)",0.0,0.0,0.0,0.0,0.0,0.0,0.5,0.0,0.0
"(2,1,0,1,1,2,0,0,2)",0.0,0.0,0.0,0.0,0.0,0.0,0.0,0.5,0.0
"(1,2,1,1,0,0,2,0,0)",0.0,0.0,0.0,0.0,0.0,0.0,0.0,0.0,0.0
"(1,2,1,1,2,0,2,0,0)",0.0,0.0,0.0,0.0,0.0,0.0,0.0,0.0,0.0
"(1,2,1,1,2,0,2,0,1)",0.0,0.0,0.0,0.0,0.0,0.0,0.0,0.5,0.0
"(0,0,0,2,1,0,1,0,0)",0.0,0.0,0.0,0.0,0.0,0.0,0.0,0.0,0.0
"(0,2,0,2,1,0,1,0,0)",0.0,0.0,0.5,0.0,0.0,0.0,0.0,0.0,0.0
"(1,2,1,1,2,2,0,1,0)",0.0,0.0,0.0,0.0,0.0,0.0,0.0,0.0,0.0
"(2,0,1,2,0,0,0,1,0)",0.0,0.0,0.0,0.0,0.0,0.0,0.5,0.0,0.0
"(1,1,0,0,0,0,0,2,2)",0.0,0.0,0.0,0.0,0.0,0.0,0.0,0.0,0.0
"(1,1,0,0,0,1,0,2,2)",0.0,0.0,0.0,0.0,0.0,0.0,0.0,0.0,0.0
"(1,1,0,0,2,1,0,2,2)",0.0,0.0,0.0,0.0,0.0,0.0,0.0,0.0,0.0
"(1,1,0,0,2,1,1,2,2)",0.0,0.0,0.0,0.43875,0.0,0.0,0.0,0.0,0.0
"(0,1,0,2,0,0,0,1,0)",0.0,0.0,0.0,0.0,0.0,0.0,0.0,0.0,0.0
"(0,1,0,2,2,1,0,1,0)",0.0,0.0,0.0,0.0,0.0,0.0,0.0,0.0,0.0
"(0,1,0,2,2,1,2,1,0)",0.0,0.0,0.0,0.0,0.0,0.0,0.0,0.0,0.0
"(1,1,0,2,2,1,2,1,0)",0.0,0.0,0.5,0.0,0.0,0.0,0.0,0.0,0.0
"(0,0,0,0,0,0,2,0,1)",0.0,0.0,0.0,0.0,0.0,0.0,0.0,0.0,0.0
"(0,0,0,1,0,2,2,1,1)",0.0,0.0,0.0,0.0,0.0,0.0,0.0,0.0,0.0
"(0,2,0,1,0,2,2,1,1)",0.0,0.0,0.0,0.0,0.0,0.0,0.0,0.0,0.0
"(1,2,0,1,0,2,2,1,1)",0.0,0.0,0.0,0.0,0.0,0.0,0.0,0.0,0.0
"(0,0,1,2,0,0,2,0,0)",0.0,0.0,0.0,0.0,0.0,0.0,0.0,0.0,0.0
"(0,1,1,2,0,0,2,0,0)",0.5,0.0,0.0,0.0,0.0,0.0,0.0,0.0,0.0
"(0,0,2,1,2,0,0,1,0)",0.0,0.0,0.0,0.0,0.0,0.0,0.0,0.0,0.0
"(0,1,1,1,0,2,2,0,0)",0.0,0.0,0.0,0.0,0.0,0.0,0.0,0.0,0.0
"(0,1,1,1,0,2,2,2,0)",0.5,0.0,0.0,0.0,0.0,0.0,0.0,0.0,0.0
"(2,0,0,0,0,0,0,1,1)",0.0,0.0,0.0,0.0,0.0,0.0,0.0,0.0,0.0
"(2,0,0,0,0,0,2,1,1)",0.0,0.0,0.0,0.0,0.0,0.0,0.0,0.0,0.0
"(2,0,2,1,1,0,2,1,1)",0.0,0.5,0.0,0.0,0.0,0.0,0.0,0.0,0.0
"(1,0,0,1,0,2,2,0,1)",0.0,0.0,0.0,0.0,0.0,0.0,0.0,0.0,0.0
"(1,0,0,1,0,2,2,2,1)",0.0,0.0,0.0,0.0,0.0,0.0,0.0,0.0,0.0
"(1,0,1,1,0,2,2,2,1)",0.0,0.43875,0.0,0.0,0.0,0.0,0.0,0.0,0.0
"(0,0,2,1,1,2,2,0,1)",0.0,0.0,0.0,0.0,0.0,0.0,0.0,0.0,0.0
"(0,0,2,1,1,2,2,1,1)",0.225,0.0,0.0,0.0,0.0,0.0,0.0,0.0,0.0
"(2,0,2,1,1,2,2,1,1)",0.0,0.975,0.0,0.0,0.0,0.0,0.0,0.0,0.0
"(0,0,2,1,0,0,1,0,0)",0.0,0.0,0.0,0.0,0.0,0.0,0.0,0.0,0.0
"(0,2,2,1,0,0,1,0,0)",0.0,0.0,0.0,0.0,0.0,0.0,0.0,0.0,0.0
"(0,2,2,1,0,0,1,1,0)",0.0,0.0,0.0,0.0,0.0,0.0,0.0,0.0,0.0
"(0,2,2,1,0,2,1,1,0)",0.0,0.0,0.0,0.0,0.0,0.0,0.0,0.0,0.0
"(0,2,2,1,1,2,1,1,0)",0.5,0.0,0.0,0.0,0.0,0.0,0.0,0.0,0.0
"(0,1,0,0,0,0,2,1,0)",0.0,0.0,0.0,0.0,0.0,0.0,0.0,0.0,0.0
"(0,1,0,0,0,0,2,1,2)",0.0,0.0,0.0,0.0,0.0,0.0,0.0,0.0,0.0
"(0,1,1,0,0,0,2,1,2)",0.0,0.0,0.0,0.0,0.0,0.0,0.0,0.0,0.0
"(0,1,1,0,0,2,2,1,2)",0.0,0.0,0.0,0.0,0.5,0.0,0.0,0.0,0.0
"(1,0,0,0,0,0,2,0,1)",0.0,0.0,0.0,0.0,0.0,0.0,0.0,0.0,0.0
"(1,0,0,0,2,0,2,0,1)",0.0,0.0,0.0,0.0,0.0,0.0,0.0,0.0,0.0
"(1,1,0,0,2,0,2,0,1)",0.0,0.0,0.0,0.0,0.0,0.0,0.0,0.0,0.0
"(2,0,0,0,0,1,2,0,1)",0.0,0.0,0.0,0.0,0.0,0.0,0.0,0.0,0.0
"(0,0,2,1,2,0,1,0,1)",0.0,0.0,0.0,0.0,0.0,0.0,0.0,0.0,0.0
"(0,0,2,1,2,2,1,0,1)",0.0,0.0,0.0,0.0,0.0,0.0,0.0,0.0,0.0
"(0,1,2,1,2,2,1,0,1)",0.55125,0.0,0.0,0.0,0.0,0.0,0.0,0.0,0.0
"(0,0,1,0,0,0,0,1,2)",0.0,0.0,0.0,0.0,0.0,0.0,0.0,0.0,0.0
"(0,0,1,0,2,0,0,1,2)",0.0,0.0,0.0,0.0,0.0,0.0,0.0,0.0,0.0
"(0,0,1,0,2,0,1,1,2)",0.5,0.0,0.0,0.0,0.0,0.0,0.0,0.0,0.0
"(0,2,0,0,1,0,0,0,1)",0.0,0.0,0.0,0.0,0.0,0.0,0.0,0.0,0.0
"(0,2,0,0,1,0,2,0,1)",0.0,0.0,0.0,0.0,0.0,0.0,0.0,0.0,0.0
"(1,2,0,2,0,0,0,0,1)",0.0,0.0,0.0,0.0,0.0,0.0,0.0,0.0,0.0
"(1,2,2,2,0,0,0,0,1)",0.0,0.0,0.0,0.0,0.5,0.0,0.0,0.0,0.0
"(0,1,2,1,0,0,0,0,0)",0.0,0.0,0.0,0.0,0.0,0.0,0.0,0.0,0.0
"(0,1,2,1,0,2,1,0,0)",0.0,0.0,0.0,0.0,0.0,0.0,0.0,0.0,0.0
"(0,1,2,1,2,2,1,0,0)",0.0,0.0,0.0,0.0,0.0,0.0,0.0,0.0,0.10125
"(0,1,0,2,0,2,0,0,1)",0.0,0.0,0.0,0.0,0.5,0.0,0.0,0.0,0.0
"(0,1,0,1,0,2,0,2,0)",0.0,0.0,0.0,0.0,0.0,0.0,0.0,0.0,0.0
"(0,1,0,1,2,2,0,2,1)",0.0,0.0,0.0,0.0,0.0,0.0,0.0,0.0,0.0
"(0,1,0,1,2,2,1,2,1)",0.0,0.0,0.0,0.0,0.0,0.0,0.0,0.0,0.0
"(0,1,2,1,2,2,1,2,1)",0.5,0.0,0.0,0.0,0.0,0.0,0.0,0.0,0.0
"(0,0,0,0,0,2,1,1,0)",0.0,0.0,0.0,0.0,0.0,0.0,0.0,0.0,0.0
"(0,0,0,0,2,2,1,1,0)",0.0,0.0,0.0,0.0,0.0,0.0,0.0,0.0,0.0
"(0,1,0,0,2,2,1,1,0)",0.0,0.0,0.0,0.0,0.0,0.0,0.0,0.0,0.0
"(0,1,2,0,2,2,1,1,0)",0.0,0.0,0.0,0.0,0.0,0.0,0.0,0.0,0.5
"(0,0,2,1,1,0,2,1,0)",0.0,0.0,0.0,0.0,0.0,0.0,0.0,0.0,0.0
"(0,0,0,1,1,0,0,2,0)",0.0,0.0,0.0,0.0,0.0,0.0,0.0,0.0,0.0
"(0,0,0,1,1,2,0,2,0)",0.0,0.0,0.0,0.0,0.0,0.0,0.0,0.0,0.0
"(0,0,1,1,1,2,0,2,0)",0.0,0.0,0.0,0.0,0.0,0.0,0.0,0.0,0.0
"(2,0,1,1,1,2,0,2,0)",0.0,0.0,0.0,0.0,0.0,0.0,0.5,0.0,0.0
"(2,0,1,2,0,0,1,1,2)",0.0,0.0,0.0,0.0,0.5,0.0,0.0,0.0,0.0
"(1,1,2,0,0,0,2,0,0)",0.0,0.0,0.0,0.0,0.0,0.0,0.0,0.0,0.0
"(1,1,2,1,0,0,2,0,0)",0.0,0.0,0.0,0.0,0.5,0.0,0.0,0.0,0.0
"(0,1,1,1,0,2,2,2,1)",0.0,0.0,0.0,0.0,0.0,0.0,0.0,0.0,0.0
"(0,1,1,1,2,2,2,2,1)",0.5,0.0,0.0,0.0,0.0,0.0,0.0,0.0,0.0
"(2,0,0,1,0,2,0,1,0)",0.0,0.0,0.0,0.0,0.0,0.0,0.0,0.0,0.0
"(2,1,2,1,0,2,0,1,0)",0.0,0.0,0.0,0.0,0.0,0.0,0.0,0.0,0.0
"(2,1,2,1,0,2,0,1,1)",0.0,0.0,0.0,0.0,0.0,0.0,0.0,0.0,0.0
"(2,1,2,1,0,2,2,1,1)",0.0,0.0,0.0,0.0,0.5,0.0,0.0,0.0,0.0
"(0,0,2,2,0,1,0,1,1)",0.0,0.0,0.0,0.0,0.0,0.0,0.0,0.0,0.0
"(0,2,2,2,0,1,0,1,1)",0.0,0.0,0.0,0.0,0.0,0.0,0.5,0.0,0.0
"(0,1,2,0,1,0,0,0,0)",0.0,0.0,0.0,0.0,0.0,0.0,0.0,0.0,0.0
"(0,1,2,0,1,2,0,0,0)",0.0,0.0,0.0,0.0,0.0,0.0,0.0,0.0,0.0
"(1,1,2,0,1,2,0,0,0)",0.0,0.0,0.0,0.0,0.0,0.0,0.0,0.0,0.0
"(1,1,2,0,1,2,2,0,0)",0.0,0.0,0.0,0.0,0.0,0.0,0.0,0.0,0.5
